<?xml version="1.0" encoding="UTF-8"?>
<Entities>
    <ExtensionPackages>
        <ExtensionPackage
         dependsOn=""
         description="This extension provides various GIT capabilities that allow storing ThingWorx applications in a third party Git server. This version is designed ONLY for ThingWorx versions &gt;= 9.0"
         haCompatible="true"
         minimumThingWorxVersion="9.0.0"
         name="GitBackupExtension"
         packageVersion="5.0.1"
         vendor="Open Source / Vladimir Rosu">
            <JarResources>
                <FileResource
                 description=""
                 file="gitbackupextension.jar"
                 type="JAR"></FileResource>
                <FileResource
                 description=""
                 file="jsch-0.1.55.jar"
                 type="JAR"></FileResource>
                <FileResource
                 description=""
                 file="bcpg-jdk18on-172.2.jar"
                 type="JAR"></FileResource>
                <FileResource
                 description=""
                 file="JavaEWAH-1.2.3.jar"
                 type="JAR"></FileResource>
                <FileResource
                 description=""
                 file="org.eclipse.jgit-6.5.0.202303070854-r.jar"
                 type="JAR"></FileResource>
            </JarResources>
        </ExtensionPackage>
    </ExtensionPackages>
    <ThingPackages>
        <ThingPackage
         className="gb.GitBackupTemplate"
         description=""
         name="GitExtensionPackage"></ThingPackage>
    </ThingPackages>
    <ThingTemplates>
        <ThingTemplate
         aspect.isEditableExtensionObject="false"
         description=""
         name="GitBackupTemplate"
         thingPackage="GitExtensionPackage"></ThingTemplate>
    </ThingTemplates>
    <LocalizationTables>
        <LocalizationTable
         description="Default localization table"
         documentationContent=""
         homeMashup=""
         languageCommon="English"
         languageNative="English"
         lastModifiedDate="2017-11-03T18:18:21.412+02:00"
         name="Default"
         projectName=""
         tags="">
            <avatar></avatar>
            <DesignTimePermissions>
                <Create></Create>
                <Read></Read>
                <Update></Update>
                <Delete></Delete>
                <Metadata></Metadata>
            </DesignTimePermissions>
            <RunTimePermissions></RunTimePermissions>
            <VisibilityPermissions>
                <Visibility></Visibility>
            </VisibilityPermissions>
            <ConfigurationTables>
                <ConfigurationTable
                 description="Localization tokens and usage"
                 isMultiRow="true"
                 name="LocalizationTokens"
                 ordinal="0">
                    <DataShape>
                        <FieldDefinitions>
                            <FieldDefinition
                             aspect.friendlyName="Translation context"
                             baseType="STRING"
                             description="Translation context"
                             name="context"
                             ordinal="3"></FieldDefinition>
                            <FieldDefinition
                             aspect.friendlyName="Token name"
                             baseType="STRING"
                             description="Token name"
                             name="name"
                             ordinal="0"></FieldDefinition>
                            <FieldDefinition
                             aspect.friendlyName="Token usage"
                             baseType="STRING"
                             description="Token usage"
                             name="usage"
                             ordinal="2"></FieldDefinition>
                            <FieldDefinition
                             aspect.friendlyName="Localized value"
                             baseType="STRING"
                             description="Localized value"
                             name="value"
                             ordinal="1"></FieldDefinition>
                        </FieldDefinitions>
                    </DataShape>
                    <Rows>
                        <Row>
                            <context></context>
                            <name>
                            <![CDATA[
                            Commit Name
                            ]]>
                            </name>
                            <usage></usage>
                            <value>
                            <![CDATA[
                            Commit Username
                            ]]>
                            </value>
                        </Row>
                        <Row>
                            <context></context>
                            <name>
                            <![CDATA[
                            Commit Email
                            ]]>
                            </name>
                            <usage></usage>
                            <value>
                            <![CDATA[
                            Commit Email
                            ]]>
                            </value>
                        </Row>
                        <Row>
                            <context></context>
                            <name>
                            <![CDATA[
                            Git Repo URL
                            ]]>
                            </name>
                            <usage></usage>
                            <value>
                            <![CDATA[
                            Git Repo URL
                            ]]>
                            </value>
                        </Row>
                        <Row>
                            <context></context>
                            <name>
                            <![CDATA[
                            File Repository Path
                            ]]>
                            </name>
                            <usage></usage>
                            <value>
                            <![CDATA[
                            File Repository Path
                            ]]>
                            </value>
                        </Row>
                        <Row>
                            <context></context>
                            <name>
                            <![CDATA[
                            Configuration
                            ]]>
                            </name>
                            <usage></usage>
                            <value>
                            <![CDATA[
                            Configuration
                            ]]>
                            </value>
                        </Row>
                        <Row>
                            <context></context>
                            <name>
                            <![CDATA[
                            Initial branch
                            ]]>
                            </name>
                            <usage></usage>
                            <value>
                            <![CDATA[
                            Initial branch
                            ]]>
                            </value>
                        </Row>
                        <Row>
                            <context></context>
                            <name>
                            <![CDATA[
                            Use Proxy?
                            ]]>
                            </name>
                            <usage></usage>
                            <value>
                            <![CDATA[
                            Use Proxy?
                            ]]>
                            </value>
                        </Row>
                        <Row>
                            <context></context>
                            <name>
                            <![CDATA[
                            Proxy URL
                            ]]>
                            </name>
                            <usage></usage>
                            <value>
                            <![CDATA[
                            Proxy URL
                            ]]>
                            </value>
                        </Row>
                        <Row>
                            <context></context>
                            <name>
                            <![CDATA[
                            Proxy Port
                            ]]>
                            </name>
                            <usage></usage>
                            <value>
                            <![CDATA[
                            Proxy Port
                            ]]>
                            </value>
                        </Row>
                        <Row>
                            <context></context>
                            <name>
                            <![CDATA[
                            Localization Tokens Prefix
                            ]]>
                            </name>
                            <usage></usage>
                            <value>
                            <![CDATA[
                            Localization Tokens Prefix
                            ]]>
                            </value>
                        </Row>
                    </Rows>
                </ConfigurationTable>
            </ConfigurationTables>
        </LocalizationTable>
    </LocalizationTables>
    <Resources>
        <Resource
         aspect.isCreatable="false"
         aspect.isEditableExtensionObject="false"
         className="gb.GitBackupValidation"
         description=""
         name="GitBackupValidation"></Resource>
    </Resources>
</Entities>
