<?xml version="1.0" encoding="UTF-8"?>
<Entities
 majorVersion="9"
 minorVersion="3"
 universal="password">
    <DataShapes>
        <DataShape
         baseDataShape=""
         description="Datashape used in the UserExtensions ThingShape to hold GitBackup Extension user credentials per repository"
         documentationContent=""
         homeMashup=""
         name="GitBackup.GitCredentials.DataShape"
         projectName="PTCDefaultProject"
         tags="">
            <avatar></avatar>
            <DesignTimePermissions>
                <Create></Create>
                <Read></Read>
                <Update></Update>
                <Delete></Delete>
                <Metadata></Metadata>
            </DesignTimePermissions>
            <RunTimePermissions></RunTimePermissions>
            <VisibilityPermissions>
                <Visibility></Visibility>
            </VisibilityPermissions>
            <ConfigurationTableDefinitions></ConfigurationTableDefinitions>
            <ConfigurationTables></ConfigurationTables>
            <FieldDefinitions>
                <FieldDefinition
                 aspect.isPrimaryKey="false"
                 baseType="STRING"
                 description=""
                 name="GitCommitterEmail"
                 ordinal="3"></FieldDefinition>
                <FieldDefinition
                 aspect.isPrimaryKey="false"
                 baseType="STRING"
                 description="Must be the Git committer full name, eg: Joe Smith that is going to be set to the commit."
                 name="GitCommitterFullName"
                 ordinal="4"></FieldDefinition>
                <FieldDefinition
                 aspect.isPrimaryKey="false"
                 baseType="PASSWORD"
                 description="Must be the password (or personal access token) used for authentication to the remote Git repository"
                 name="GitCommitterPassword"
                 ordinal="2"></FieldDefinition>
                <FieldDefinition
                 aspect.isPrimaryKey="false"
                 baseType="STRING"
                 description="Must be the user used for authentication purposed with the remote Git repository"
                 name="GitCommitterUser"
                 ordinal="1"></FieldDefinition>
                <FieldDefinition
                 aspect.isPrimaryKey="false"
                 aspect.thingTemplate="GitBackupTemplate"
                 baseType="THINGNAME"
                 description="reference to the Git Thing for which these credentials are valid"
                 name="GitThing"
                 ordinal="5"></FieldDefinition>
            </FieldDefinitions>
        </DataShape>
    </DataShapes>
</Entities>
