<?xml version="1.0" encoding="UTF-8"?>
<Entities
 majorVersion="9"
 minorVersion="4"
 universal="password">
    <DataShapes>
        <DataShape
         aspect.isEditableExtensionObject="true"
         aspect.isExtension="true"
         baseDataShape=""
         description=""
         documentationContent=""
         homeMashup=""
         name="GitBackup.ConfigurationSetting.DataShape"
         projectName="GitBackup"
         tags="">
            <avatar></avatar>
            <DesignTimePermissions>
                <Create></Create>
                <Read></Read>
                <Update></Update>
                <Delete></Delete>
                <Metadata></Metadata>
            </DesignTimePermissions>
            <RunTimePermissions></RunTimePermissions>
            <VisibilityPermissions>
                <Visibility></Visibility>
            </VisibilityPermissions>
            <ConfigurationTableDefinitions></ConfigurationTableDefinitions>
            <ConfigurationTables></ConfigurationTables>
            <FieldDefinitions>
                <FieldDefinition
                 aspect.defaultValue="master"
                 aspect.friendlyName="Initial branch"
                 baseType="STRING"
                 description=""
                 name="BranchName"
                 ordinal="7"></FieldDefinition>
                <FieldDefinition
                 aspect.defaultValue="GitRepository"
                 aspect.friendlyName="File Repository"
                 aspect.thingTemplate="FileRepository"
                 baseType="THINGNAME"
                 description=""
                 name="FileRepository"
                 ordinal="5"></FieldDefinition>
                <FieldDefinition
                 aspect.defaultValue="https://bitbucket.org/username/reponame"
                 aspect.friendlyName="Git Repo URL"
                 baseType="STRING"
                 description=""
                 name="GitRepoURL"
                 ordinal="4"></FieldDefinition>
                <FieldDefinition
                 aspect.isPrimaryKey="false"
                 baseType="STRING"
                 description="prefix used for exporting Localization Tokens"
                 name="LocalizationTokensPrefix"
                 ordinal="12"></FieldDefinition>
                <FieldDefinition
                 baseType="INTEGER"
                 description=""
                 name="ProxyPort"
                 ordinal="10"></FieldDefinition>
                <FieldDefinition
                 baseType="STRING"
                 description=""
                 name="ProxyURL"
                 ordinal="9"></FieldDefinition>
                <FieldDefinition
                 aspect.defaultValue="/smartparking"
                 aspect.friendlyName="File Repository Path"
                 baseType="STRING"
                 description=""
                 name="RepoPathName"
                 ordinal="6"></FieldDefinition>
                <FieldDefinition
                 aspect.defaultValue="false"
                 aspect.isPrimaryKey="false"
                 baseType="BOOLEAN"
                 description=""
                 name="UseProxy"
                 ordinal="11"></FieldDefinition>
            </FieldDefinitions>
        </DataShape>
    </DataShapes>
</Entities>
