<?xml version="1.0" encoding="UTF-8"?>
<Entities
 majorVersion="9"
 minorVersion="3"
 universal="password">
    <Mashups>
        <Mashup
         aspect.isEditableExtensionObject="true"
         aspect.isExtension="true"
         aspect.isFlex="true"
         aspect.isResponsive="true"
         aspect.mashupType="mashup"
         columns="0.0"
         description="Displays the GitBackup logs generated by some of the GitThing services"
         documentationContent=""
         homeMashup=""
         name="GitBackup.Log.Mashup"
         projectName="GitBackup"
         rows="0.0"
         tags="">
            <avatar></avatar>
            <DesignTimePermissions>
                <Create></Create>
                <Read></Read>
                <Update></Update>
                <Delete></Delete>
                <Metadata></Metadata>
            </DesignTimePermissions>
            <RunTimePermissions></RunTimePermissions>
            <VisibilityPermissions>
                <Visibility></Visibility>
            </VisibilityPermissions>
            <ConfigurationTableDefinitions></ConfigurationTableDefinitions>
            <ConfigurationTables>
                <ConfigurationTable
                 dataShapeName=""
                 description="Mashup Mobile Settings"
                 isHidden="true"
                 isMultiRow="false"
                 name="MobileSettings"
                 ordinal="0">
                    <DataShape>
                        <FieldDefinitions>
                            <FieldDefinition
                             aspect.defaultValue="false"
                             aspect.friendlyName="Disable Zoom"
                             baseType="BOOLEAN"
                             description="Disables zooming in and out within the mashup"
                             name="disableZoom"
                             ordinal="0"></FieldDefinition>
                            <FieldDefinition
                             aspect.defaultValue="true"
                             aspect.friendlyName="Full Screen Mode"
                             baseType="BOOLEAN"
                             description="Open the mashup in full screen mode"
                             name="fullScreenMode"
                             ordinal="0"></FieldDefinition>
                            <FieldDefinition
                             aspect.friendlyName="Height"
                             baseType="STRING"
                             description="The height of the mashup page"
                             name="height"
                             ordinal="0"></FieldDefinition>
                            <FieldDefinition
                             aspect.defaultValue="device-height"
                             aspect.friendlyName="Height Type"
                             baseType="STRING"
                             description="Use the height of the device display, or a custom height (in px)"
                             name="heightType"
                             ordinal="0"></FieldDefinition>
                            <FieldDefinition
                             aspect.defaultValue="1.0"
                             aspect.friendlyName="Initial Scale"
                             baseType="NUMBER"
                             description="The initial zoom scale when the mashup is loaded for the first time"
                             name="initialScale"
                             ordinal="0"></FieldDefinition>
                            <FieldDefinition
                             aspect.friendlyName="Shortcut Icon Title"
                             baseType="STRING"
                             description="A title for the mashup shortcut on the iOS home screen"
                             name="iosShortcutIconTitle"
                             ordinal="0"></FieldDefinition>
                            <FieldDefinition
                             aspect.defaultValue="black-translucent"
                             aspect.friendlyName="Status Bar Appearance"
                             baseType="STRING"
                             description="The style of the iOS status bar"
                             name="iosStatusBarAppearance"
                             ordinal="0"></FieldDefinition>
                            <FieldDefinition
                             aspect.defaultValue="10.0"
                             aspect.friendlyName="Maximum Scale"
                             baseType="NUMBER"
                             description="The maximum scale that users can zoom out to"
                             name="maximumScale"
                             ordinal="0"></FieldDefinition>
                            <FieldDefinition
                             aspect.defaultValue="0.1"
                             aspect.friendlyName="Minimum Scale"
                             baseType="NUMBER"
                             description="The minimum scale that users can zoom out to"
                             name="minimumScale"
                             ordinal="0"></FieldDefinition>
                            <FieldDefinition
                             aspect.friendlyName="Width"
                             baseType="STRING"
                             description="The width of the mashup page"
                             name="width"
                             ordinal="0"></FieldDefinition>
                            <FieldDefinition
                             aspect.defaultValue="device-width"
                             aspect.friendlyName="Width Type"
                             baseType="STRING"
                             description="Use the width of the device display, or a custom width (in px)"
                             name="widthType"
                             ordinal="0"></FieldDefinition>
                        </FieldDefinitions>
                    </DataShape>
                    <Rows>
                        <Row>
                            <disableZoom>false</disableZoom>
                            <fullScreenMode>true</fullScreenMode>
                            <height></height>
                            <heightType>
                            <![CDATA[
                            device-height
                            ]]>
                            </heightType>
                            <initialScale>1.0</initialScale>
                            <iosShortcutIconTitle></iosShortcutIconTitle>
                            <iosStatusBarAppearance>
                            <![CDATA[
                            black-translucent
                            ]]>
                            </iosStatusBarAppearance>
                            <maximumScale>10.0</maximumScale>
                            <minimumScale>0.1</minimumScale>
                            <width></width>
                            <widthType>
                            <![CDATA[
                            device-width
                            ]]>
                            </widthType>
                        </Row>
                    </Rows>
                </ConfigurationTable>
            </ConfigurationTables>
            <ParameterDefinitions></ParameterDefinitions>
            <Things></Things>
            <ThingShapes></ThingShapes>
            <ThingTemplates></ThingTemplates>
            <mashupContent>
            <![CDATA[
            {
              "CustomMashupCss" : "",
              "Data" : {
                "Session" : {
                  "DataName" : "Session",
                  "EntityName" : "",
                  "EntityType" : "Session",
                  "Id" : "session",
                  "Services" : [ {
                    "APIMethod" : "post",
                    "Characteristic" : "Services",
                    "Id" : "SessionInterface",
                    "Name" : "GetGlobalSessionValues",
                    "Parameters" : { },
                    "RefreshInterval" : 0,
                    "Target" : "GetGlobalSessionValues"
                  } ]
                },
                "Things_GitBackup.Log.DataTable" : {
                  "DataName" : "Things_GitBackup.Log.DataTable",
                  "EntityName" : "GitBackup.Log.DataTable",
                  "EntityType" : "Things",
                  "Id" : "bee23348-a4ba-45fa-8f51-fd4e66deea4d",
                  "Services" : [ {
                    "APIMethod" : "post",
                    "Characteristic" : "Services",
                    "Id" : "0afb57ea-9e01-4289-9287-2f773caf7e07",
                    "Name" : "QueryDataTableEntriesSorted",
                    "Parameters" : { },
                    "RefreshInterval" : 0,
                    "Target" : "QueryDataTableEntriesSorted"
                  } ]
                },
                "UserExtensions" : {
                  "DataName" : "UserExtensions",
                  "EntityName" : "",
                  "EntityType" : "UserExtensions",
                  "Id" : "UserExtensions",
                  "Services" : [ {
                    "APIMethod" : "post",
                    "Characteristic" : "Services",
                    "Id" : "UserExtensionInterface",
                    "Name" : "GetCurrentUserExtensionProperties",
                    "Parameters" : { },
                    "RefreshInterval" : 0,
                    "Target" : "GetCurrentUserExtensionProperties"
                  } ]
                }
              },
              "DataBindings" : [ {
                "Id" : "c3ea3779-2467-4498-a0e9-fbafe04580cf",
                "PropertyMaps" : [ {
                  "SourceProperty" : "",
                  "SourcePropertyBaseType" : "INFOTABLE",
                  "SourcePropertyType" : "InfoTable",
                  "TargetProperty" : "Data",
                  "TargetPropertyBaseType" : "INFOTABLE",
                  "TargetPropertyType" : "property"
                } ],
                "SourceArea" : "Data",
                "SourceDetails" : "AllData",
                "SourceId" : "QueryDataTableEntriesSorted",
                "SourceName" : "QueryDataTableEntriesSorted",
                "SourceSection" : "Things_GitBackup.Log.DataTable",
                "TargetArea" : "UI",
                "TargetId" : "ptcsgrid-7",
                "TargetSection" : ""
              }, {
                "Id" : "f21a7ec9-e2e1-4915-9ed8-d12154a58d66",
                "PropertyMaps" : [ {
                  "SourceProperty" : "QueryFilter",
                  "SourcePropertyBaseType" : "QUERY",
                  "TargetProperty" : "query",
                  "TargetPropertyBaseType" : "QUERY",
                  "TargetPropertyType" : "Parameter"
                } ],
                "SourceArea" : "UI",
                "SourceId" : "ptcsgrid-7",
                "SourceSection" : "",
                "TargetArea" : "Data",
                "TargetId" : "QueryDataTableEntriesSorted",
                "TargetSection" : "Things_GitBackup.Log.DataTable"
              } ],
              "DesignTimePermissions" : {
                "Create" : [ ],
                "Delete" : [ ],
                "Metadata" : [ ],
                "Read" : [ ],
                "Update" : [ ]
              },
              "Events" : [ {
                "EventHandlerArea" : "Data",
                "EventHandlerId" : "Things_GitBackup.Log.DataTable",
                "EventHandlerService" : "QueryDataTableEntriesSorted",
                "EventTriggerArea" : "UI",
                "EventTriggerEvent" : "Filter",
                "EventTriggerId" : "ptcsgrid-7",
                "EventTriggerSection" : "",
                "Id" : "fb2815e2-8a98-44ff-9374-db4a8146d47a"
              }, {
                "EventHandlerArea" : "Data",
                "EventHandlerId" : "Things_GitBackup.Log.DataTable",
                "EventHandlerService" : "QueryDataTableEntriesSorted",
                "EventTriggerArea" : "Mashup",
                "EventTriggerEvent" : "Loaded",
                "EventTriggerId" : "mashup-root",
                "EventTriggerSection" : "",
                "Id" : "3ec9a19e-8ce9-4ccb-b172-69a9d2c80ebb"
              } ],
              "Reminders" : [ ],
              "RunTimePermissions" : {
                "permissions" : [ ]
              },
              "UI" : {
                "Properties" : {
                  "AddToDashboardButton" : "SimplePlus",
                  "AddToDashboardButtonStyle" : "DefaultAddToDashboardButtonStyle",
                  "Area" : "Mashup",
                  "BGImage" : "",
                  "BGImageRepeat" : "no-repeat",
                  "BGImageSize" : "auto",
                  "Columns" : 0,
                  "ConfigureGadgetButton" : "SimpleGear",
                  "ConfigureGadgetButtonStyle" : "DefaultConfigureGadgetButtonStyle",
                  "DisplayName" : "Mashup",
                  "EnableParameterEditing" : false,
                  "Height" : 618,
                  "Id" : "mashup-root",
                  "IgnoreWarningsInViewMashup" : false,
                  "IsPrintLayout" : false,
                  "Left" : 0,
                  "Margin" : "5",
                  "MashupToEditGadget" : "DefaultMashupToEditGadget",
                  "MigratedOn" : "2023-05-09T09:29:48.881Z",
                  "MinHeight" : 0,
                  "MinWidth" : 0,
                  "ResponsiveLayout" : true,
                  "Rows" : 0,
                  "ShowDataLoading" : true,
                  "Style" : "DefaultMashupStyle",
                  "StyleProperties" : {
                    "data" : {
                      "ptcsgrid-7" : {
                        "parts" : {
                          "cell-label" : {
                            "selected" : {
                              "color" : "#ffffff",
                              "font-size" : "11px",
                              "font-style" : "normal",
                              "font-weight" : 400,
                              "text-decoration" : "none"
                            }
                          },
                          "row" : {
                            "selected" : {
                              "background" : "#0088cc",
                              "border-color" : "#0088cc",
                              "border-style" : "solid",
                              "border-width" : "1px"
                            }
                          }
                        },
                        "widget" : "ptcs-grid"
                      }
                    },
                    "meta" : {
                      "type" : "WidgetStyler",
                      "version" : "1.0"
                    }
                  },
                  "StyleTheme" : "GitBackup.StyleTheme",
                  "Title" : "",
                  "TitleBar" : false,
                  "TitleBarStyle" : "DefaultTitleBarStyle",
                  "TitleBarText" : "Gadget Title Here",
                  "Top" : 0,
                  "Type" : "mashup",
                  "UseMasterTheme" : false,
                  "UseTheme" : false,
                  "UseThemeForHybrids" : false,
                  "Visible" : true,
                  "Width" : 1024,
                  "Z-index" : 10,
                  "__TypeDisplayName" : "Mashup",
                  "id_index" : 8,
                  "supportsAutoResize" : true
                },
                "Widgets" : [ {
                  "Properties" : {
                    "Area" : "UI",
                    "CollapseTabIcon" : "",
                    "DisplayName" : "container-2",
                    "EnableContainerUnload" : false,
                    "EnableExpandCollapse" : false,
                    "ExpandCollapseTabLocation" : "inside",
                    "ExpandTabIcon" : "",
                    "Expanded" : true,
                    "Id" : "flexcontainer-2",
                    "LastContainer" : true,
                    "LazyLoading" : false,
                    "Margin" : "",
                    "Overlay" : false,
                    "ResponsiveLayout" : true,
                    "ShowDataLoading" : true,
                    "ShowExpandCollapseTab" : false,
                    "SourceURL" : "",
                    "Style" : "DefaultContainerStyle",
                    "StyleProperties" : { },
                    "Type" : "flexcontainer",
                    "UseTheme" : true,
                    "Visible" : true,
                    "Z-index" : 10,
                    "__TypeDisplayName" : "Responsive Container",
                    "align-content" : "flex-start",
                    "align-items" : "flex-start",
                    "flex-basis" : "auto",
                    "flex-direction" : "column",
                    "flex-grow" : "1",
                    "flex-max-height" : "",
                    "flex-max-width" : "",
                    "flex-min-height" : "",
                    "flex-min-width" : "",
                    "flex-shrink" : "1",
                    "flex-size" : "default",
                    "flex-wrap" : "nowrap",
                    "iconClass" : "widgets-flexcontainer",
                    "justify-content" : "flex-start",
                    "positioning" : "responsive",
                    "userCannotRemove" : true
                  },
                  "Widgets" : [ {
                    "Properties" : {
                      "Area" : "UI",
                      "CollapseTabIcon" : "",
                      "DisplayName" : "container-4",
                      "EnableContainerUnload" : false,
                      "EnableExpandCollapse" : false,
                      "ExpandCollapseTabLocation" : "inside",
                      "ExpandTabIcon" : "",
                      "Expanded" : true,
                      "HorizontalScrolling" : "no-scroll",
                      "Id" : "flexcontainer-4",
                      "LastContainer" : false,
                      "LazyLoading" : false,
                      "Margin" : "",
                      "Overlay" : false,
                      "ResponsiveLayout" : false,
                      "Scrolling" : "no-scroll",
                      "ShowDataLoading" : true,
                      "ShowExpandCollapseTab" : false,
                      "SourceURL" : "",
                      "Style" : "DefaultContainerStyle",
                      "StyleProperties" : { },
                      "Type" : "flexcontainer",
                      "UseTheme" : true,
                      "Visible" : true,
                      "Z-index" : 10,
                      "__TypeDisplayName" : "Responsive Container",
                      "align-content" : "flex-start",
                      "align-items" : "center",
                      "flex-basis" : "auto",
                      "flex-direction" : "row",
                      "flex-grow" : "1",
                      "flex-max-height" : "50px",
                      "flex-max-width" : "",
                      "flex-min-height" : "50px",
                      "flex-min-width" : "",
                      "flex-shrink" : 0,
                      "flex-size" : "fixed",
                      "flex-wrap" : "nowrap",
                      "iconClass" : "widgets-flexcontainer-fixed",
                      "isLocked" : false,
                      "justify-content" : "flex-start",
                      "positioning" : "responsive",
                      "userCannotRemove" : false
                    },
                    "Widgets" : [ {
                      "Properties" : {
                        "Area" : "UI",
                        "CustomClass" : "",
                        "DisclosureControl" : "show-more",
                        "DisplayName" : "lb_Title",
                        "HorizontalAlignment" : "left",
                        "Id" : "ptcslabel-6",
                        "LabelText" : "Last 100 operations:",
                        "LabelType" : "label",
                        "LastContainer" : false,
                        "Left" : 55,
                        "Margin" : "5",
                        "MultiLine" : true,
                        "PreserveWhiteSpace" : false,
                        "ResponsiveLayout" : false,
                        "ShowDataLoading" : true,
                        "TooltipField" : "",
                        "Top" : 110,
                        "Type" : "ptcslabel",
                        "UseTheme" : true,
                        "VerticalAlignment" : "flex-start",
                        "Visible" : true,
                        "Width" : 300,
                        "Z-index" : 10,
                        "__TypeDisplayName" : "Label",
                        "overflowShowLessTxt" : "[[showLess]]",
                        "overflowShowMoreTxt" : "[[showMore]]"
                      },
                      "Widgets" : [ ]
                    } ]
                  }, {
                    "Properties" : {
                      "Area" : "UI",
                      "CollapseTabIcon" : "",
                      "DisplayName" : "container-3",
                      "EnableContainerUnload" : false,
                      "EnableExpandCollapse" : false,
                      "ExpandCollapseTabLocation" : "inside",
                      "ExpandTabIcon" : "",
                      "Expanded" : true,
                      "HorizontalScrolling" : "no-scroll",
                      "Id" : "flexcontainer-3",
                      "LastContainer" : true,
                      "LazyLoading" : false,
                      "Margin" : "",
                      "Overlay" : false,
                      "ResponsiveLayout" : false,
                      "Scrolling" : "auto-scroll",
                      "ShowDataLoading" : true,
                      "ShowExpandCollapseTab" : false,
                      "SourceURL" : "",
                      "Style" : "DefaultContainerStyle",
                      "StyleProperties" : { },
                      "Type" : "flexcontainer",
                      "UseTheme" : true,
                      "Visible" : true,
                      "Z-index" : 10,
                      "__TypeDisplayName" : "Responsive Container",
                      "align-content" : "flex-start",
                      "align-items" : "center",
                      "flex-basis" : "auto",
                      "flex-direction" : "row",
                      "flex-grow" : "1",
                      "flex-max-height" : "",
                      "flex-max-width" : "",
                      "flex-min-height" : "",
                      "flex-min-width" : "",
                      "flex-shrink" : 1,
                      "flex-size" : "default",
                      "flex-wrap" : "nowrap",
                      "iconClass" : "widgets-flexcontainer",
                      "isLocked" : true,
                      "justify-content" : "center",
                      "positioning" : "responsive",
                      "userCannotRemove" : false
                    },
                    "Widgets" : [ {
                      "Properties" : {
                        "AddButtonText" : "[[add]]",
                        "AddRowButtonText" : "[[add]]",
                        "AddRowFormTitle" : "[[AddRecord]]",
                        "AllowDisabledNodes" : false,
                        "AlwaysExpanded" : false,
                        "ApplyButtonText" : "[[apply]]",
                        "Area" : "UI",
                        "AutoScroll" : true,
                        "BindDataText" : "[[bindData]]",
                        "CacheRuntimeChanges" : false,
                        "CancelButtonText" : "[[cancel]]",
                        "CancelEditButtonText" : "[[cancel]]",
                        "CancelLabel" : "[[cancel]]",
                        "ClearFilteredSelection" : false,
                        "ColumnFormat" : {
                          "formatInfo" : [ {
                            "FieldName" : "ID",
                            "FormatOptions" : {
                              "FormatString" : "",
                              "RoundingEnabled" : true,
                              "formatInfo" : {
                                "FieldName" : "",
                                "StateDefinition" : "",
                                "StateDefinitionType" : "fixed",
                                "StateFormats" : [ {
                                  "state" : "",
                                  "stateName" : "fixed"
                                } ]
                              },
                              "renderer" : "DEFAULT",
                              "roundingEnabled" : true
                            },
                            "Title" : "ID",
                            "Width" : "auto",
                            "cellHorizontalAlignment" : "left",
                            "editable" : false,
                            "headerHorizontalAlignment" : "left",
                            "hidden" : true,
                            "inLayout" : true,
                            "sortable" : false
                          }, {
                            "EditorOptions" : {
                              "Type" : "string",
                              "Validators" : [ "None", "NotEmpty", "Empty", "Custom", "ValidAlphaNumeric", "ValidEmail", "ValidIPv4", "ValidSIN", "ValidSSN" ]
                            },
                            "FieldName" : "sourceType",
                            "FormatOptions" : {
                              "FormatString" : "full",
                              "RoundingEnabled" : true,
                              "formatInfo" : {
                                "FieldName" : "",
                                "StateDefinition" : "",
                                "StateDefinitionType" : "fixed",
                                "StateFormats" : [ {
                                  "state" : "",
                                  "stateName" : "fixed"
                                } ]
                              },
                              "renderer" : "STRING",
                              "roundingEnabled" : true
                            },
                            "Title" : "sourceType",
                            "Width" : "auto",
                            "cellHorizontalAlignment" : "left",
                            "editable" : false,
                            "headerHorizontalAlignment" : "left",
                            "hidden" : true,
                            "inLayout" : true,
                            "sortable" : false
                          }, {
                            "EditorOptions" : {
                              "Type" : "string",
                              "Validators" : [ "None", "NotEmpty", "Empty", "Custom" ]
                            },
                            "FieldName" : "location",
                            "FormatOptions" : {
                              "FormatString" : "0.0000",
                              "RoundingEnabled" : true,
                              "formatInfo" : {
                                "FieldName" : "",
                                "StateDefinition" : "",
                                "StateDefinitionType" : "fixed",
                                "StateFormats" : [ {
                                  "state" : "",
                                  "stateName" : "fixed"
                                } ]
                              },
                              "renderer" : "LOCATION",
                              "roundingEnabled" : true
                            },
                            "Title" : "location",
                            "Width" : "auto",
                            "cellHorizontalAlignment" : "left",
                            "editable" : false,
                            "headerHorizontalAlignment" : "left",
                            "hidden" : true,
                            "inLayout" : true,
                            "sortable" : false
                          }, {
                            "EditorOptions" : {
                              "Type" : "date",
                              "Validators" : [ "None", "NotEmpty", "Empty", "ValidDate", "ValidDatetime", "ValidTime", "Custom" ]
                            },
                            "FieldName" : "timestamp",
                            "FormatOptions" : {
                              "FormatString" : "dd-MM-yyyy HH:mm:ss",
                              "RoundingEnabled" : true,
                              "formatInfo" : {
                                "FieldName" : "",
                                "StateDefinition" : "",
                                "StateDefinitionType" : "fixed",
                                "StateFormats" : [ {
                                  "state" : "",
                                  "stateName" : "fixed"
                                } ]
                              },
                              "renderer" : "DATETIME",
                              "roundingEnabled" : true
                            },
                            "Title" : "Time",
                            "Width" : "130px",
                            "cellHorizontalAlignment" : "left",
                            "editable" : false,
                            "headerHorizontalAlignment" : "center",
                            "hidden" : false,
                            "inLayout" : true,
                            "sortable" : false
                          }, {
                            "FieldName" : "Source",
                            "FormatOptions" : {
                              "FormatString" : "full",
                              "RoundingEnabled" : true,
                              "formatInfo" : {
                                "FieldName" : "",
                                "StateDefinition" : "",
                                "StateDefinitionType" : "fixed",
                                "StateFormats" : [ {
                                  "state" : "",
                                  "stateName" : "fixed"
                                } ]
                              },
                              "renderer" : "STRING",
                              "roundingEnabled" : true
                            },
                            "Title" : "Git Thing",
                            "Width" : "70px",
                            "cellHorizontalAlignment" : "left",
                            "editable" : false,
                            "headerHorizontalAlignment" : "center",
                            "hidden" : false,
                            "inLayout" : true,
                            "sortable" : false
                          }, {
                            "EditorOptions" : {
                              "Type" : "string",
                              "Validators" : [ "None", "NotEmpty", "Empty", "Custom", "ValidAlphaNumeric", "ValidEmail", "ValidIPv4", "ValidSIN", "ValidSSN" ]
                            },
                            "FieldName" : "source",
                            "FormatOptions" : {
                              "FormatString" : "full",
                              "RoundingEnabled" : true,
                              "formatInfo" : {
                                "FieldName" : "",
                                "StateDefinition" : "",
                                "StateDefinitionType" : "fixed",
                                "StateFormats" : [ {
                                  "state" : "",
                                  "stateName" : "fixed"
                                } ]
                              },
                              "renderer" : "STRING",
                              "roundingEnabled" : true
                            },
                            "Title" : "source",
                            "Width" : "auto",
                            "cellHorizontalAlignment" : "left",
                            "editable" : false,
                            "headerHorizontalAlignment" : "left",
                            "hidden" : true,
                            "inLayout" : true,
                            "sortable" : false
                          }, {
                            "EditorOptions" : {
                              "Type" : "string",
                              "Validators" : [ "None", "NotEmpty", "Empty", "Custom", "ValidAlphaNumeric", "ValidEmail", "ValidIPv4", "ValidSIN", "ValidSSN" ]
                            },
                            "FieldName" : "User",
                            "FormatOptions" : {
                              "FormatString" : "full",
                              "RoundingEnabled" : true,
                              "formatInfo" : {
                                "FieldName" : "",
                                "StateDefinition" : "",
                                "StateDefinitionType" : "fixed",
                                "StateFormats" : [ {
                                  "state" : "",
                                  "stateName" : "fixed"
                                } ]
                              },
                              "renderer" : "STRING",
                              "roundingEnabled" : true
                            },
                            "Title" : "User",
                            "Width" : "70px",
                            "cellHorizontalAlignment" : "left",
                            "editable" : false,
                            "headerHorizontalAlignment" : "left",
                            "hidden" : false,
                            "inLayout" : true,
                            "sortable" : false
                          }, {
                            "EditorOptions" : {
                              "Type" : "string",
                              "Validators" : [ "None", "NotEmpty", "Empty", "Custom", "ValidAlphaNumeric", "ValidEmail", "ValidIPv4", "ValidSIN", "ValidSSN" ]
                            },
                            "FieldName" : "key",
                            "FormatOptions" : {
                              "FormatString" : "full",
                              "RoundingEnabled" : true,
                              "formatInfo" : {
                                "FieldName" : "",
                                "StateDefinition" : "",
                                "StateDefinitionType" : "fixed",
                                "StateFormats" : [ {
                                  "state" : "",
                                  "stateName" : "fixed"
                                } ]
                              },
                              "renderer" : "STRING",
                              "roundingEnabled" : true
                            },
                            "Title" : "key",
                            "Width" : "auto",
                            "cellHorizontalAlignment" : "left",
                            "editable" : false,
                            "headerHorizontalAlignment" : "left",
                            "hidden" : true,
                            "inLayout" : true,
                            "sortable" : false
                          }, {
                            "EditorOptions" : {
                              "Type" : "string",
                              "Validators" : [ "None", "NotEmpty", "Empty", "Custom", "ValidAlphaNumeric", "ValidEmail", "ValidIPv4", "ValidSIN", "ValidSSN" ]
                            },
                            "FieldName" : "ServiceName",
                            "FormatOptions" : {
                              "FormatString" : "full",
                              "RoundingEnabled" : true,
                              "formatInfo" : {
                                "FieldName" : "",
                                "StateDefinition" : "",
                                "StateDefinitionType" : "fixed",
                                "StateFormats" : [ {
                                  "state" : "",
                                  "stateName" : "fixed"
                                } ]
                              },
                              "renderer" : "STRING",
                              "roundingEnabled" : true
                            },
                            "Title" : "Method",
                            "Width" : "70px",
                            "cellHorizontalAlignment" : "left",
                            "editable" : false,
                            "headerHorizontalAlignment" : "center",
                            "hidden" : false,
                            "inLayout" : true,
                            "sortable" : false
                          }, {
                            "EditorOptions" : {
                              "Type" : "string",
                              "Validators" : [ "None", "NotEmpty", "Empty", "Custom", "ValidAlphaNumeric", "ValidEmail", "ValidIPv4", "ValidSIN", "ValidSSN" ]
                            },
                            "FieldName" : "Content",
                            "FormatOptions" : {
                              "FormatString" : "full",
                              "RoundingEnabled" : true,
                              "formatInfo" : {
                                "FieldName" : "",
                                "StateDefinition" : "",
                                "StateDefinitionType" : "fixed",
                                "StateFormats" : [ {
                                  "state" : "",
                                  "stateName" : "fixed"
                                } ]
                              },
                              "renderer" : "STRING",
                              "roundingEnabled" : true
                            },
                            "Title" : "Content",
                            "Width" : "auto",
                            "cellHorizontalAlignment" : "left",
                            "editable" : false,
                            "headerHorizontalAlignment" : "center",
                            "hidden" : false,
                            "inLayout" : true,
                            "sortable" : false
                          }, {
                            "EditorOptions" : {
                              "Type" : "string",
                              "Validators" : [ "None", "NotEmpty", "Empty", "Custom" ]
                            },
                            "FieldName" : "tags",
                            "FormatOptions" : {
                              "FormatString" : "plain",
                              "RoundingEnabled" : true,
                              "formatInfo" : {
                                "FieldName" : "",
                                "StateDefinition" : "",
                                "StateDefinitionType" : "fixed",
                                "StateFormats" : [ {
                                  "state" : "",
                                  "stateName" : "fixed"
                                } ]
                              },
                              "renderer" : "DEFAULT",
                              "roundingEnabled" : true
                            },
                            "Title" : "tags",
                            "Width" : "auto",
                            "cellHorizontalAlignment" : "left",
                            "editable" : false,
                            "headerHorizontalAlignment" : "left",
                            "hidden" : true,
                            "inLayout" : true,
                            "sortable" : false
                          } ]
                        },
                        "ColumnsMenuOptions" : "none",
                        "ColumnsMenuVisibleItems" : 6,
                        "ConfigurationId" : 10,
                        "DataServiceBindingDef" : {
                          "entityName" : "GitBackup.Log.DataTable",
                          "entityType" : "Things",
                          "target" : "QueryDataTableEntriesSorted"
                        },
                        "DateLabel" : "[[date]]",
                        "DefaultSelectedRows" : "",
                        "DeleteRowButtonText" : "[[delete]]",
                        "DisableChildNodes" : false,
                        "DisplayButtonText" : "[[display]]",
                        "DisplayName" : "grd_Log",
                        "DisplayOnlyMode" : false,
                        "EditButton" : false,
                        "EditButtonText" : "[[edit]]",
                        "EditButtonsLocation" : "top-right",
                        "EditControlLabel" : "[[edit]]",
                        "EditControlType" : "link",
                        "EditControlVisibility" : "hover",
                        "EditLevel" : "cell",
                        "ExpandCollapseAll" : false,
                        "ExpandCollapseIcon" : "singlecaret",
                        "ExpandLoadedRows" : false,
                        "FillContainer" : true,
                        "FilterHintText" : "[[filter]]",
                        "FilterWidth" : 273,
                        "FocusNavigationMode" : "row-first",
                        "HasChildrenFieldName" : "hasChildren",
                        "HeaderVerticalAlignment" : "top",
                        "Height" : 200,
                        "HideHeaderRow" : false,
                        "HighlightDraftState" : false,
                        "HoursLabel" : "[[hours]]",
                        "IDFieldName" : "ID",
                        "IDPathSeparator" : ":;",
                        "Id" : "ptcsgrid-7",
                        "IncludeRowExpansionParents" : false,
                        "IsEditable" : false,
                        "Label" : null,
                        "LabelAlignment" : "left",
                        "LabelType" : "sub-header",
                        "LastContainer" : false,
                        "Left" : 120,
                        "LegacyConfiguration" : "",
                        "Margin" : "5",
                        "MaxHeaderHeight" : 100,
                        "MaxRowsMessage" : "[[Widgets.TreeGrid.MaxRowsMessage]]",
                        "MaxRowsMessageTitle" : "[[Widgets.TreeGrid.MaxRowsMessageTitle]]",
                        "MeridiemLabel" : "AM/PM",
                        "MinRowHeight" : 30,
                        "MinutesLabel" : "[[minutes]]",
                        "MonthLabel" : "[[months]]",
                        "NoDataToDisplayText" : "[[noDataToDisplay]]",
                        "NoMatchesText" : "[[noMatches]]",
                        "NoResultsText" : "[[noResults]]",
                        "ParentIDFieldName" : "parentId",
                        "PreserveRowExpansion" : false,
                        "PreventRowWrapInNav" : false,
                        "PrimaryColumnFixedSize" : false,
                        "ReorderColumns" : false,
                        "ResetButtonText" : "[[reset]]",
                        "ResizeColumns" : true,
                        "ResponsiveLayout" : true,
                        "RowAddButton" : false,
                        "RowDeleteButton" : false,
                        "RowEditFormTitle" : "[[EditRecord]]",
                        "RowFormat_StateParameters" : [ ],
                        "RowSelection" : "none",
                        "RowsVerticalAlignment" : "top",
                        "SaveEditButtonText" : "[[save]]",
                        "SecondsLabel" : "[[seconds]]",
                        "SelectFocusedItem" : false,
                        "SelectLabel" : "[[select]]",
                        "SelectParentOnly" : false,
                        "SelectedItemText" : "[[rowSelected]]",
                        "SelectedItemsText" : "[[rowsSelected]]",
                        "SelectedRows" : "",
                        "SelectedRowsChangedCallback" : true,
                        "ShowColumnFeature" : true,
                        "ShowDataLoading" : true,
                        "ShowFilter" : true,
                        "ShowFooter" : false,
                        "ShowHeaderRowInFooter" : false,
                        "ShowResetButton" : true,
                        "ShowRowNumbers" : false,
                        "ShowValidationCriteria" : false,
                        "ShowValidationFailure" : false,
                        "ShowValidationSuccess" : false,
                        "SingleLineHeader" : true,
                        "SingleLineRows" : false,
                        "SortSelectionColumn" : false,
                        "TabSequence" : 0,
                        "Top" : 115,
                        "TriggerEventOnConfigChange" : true,
                        "Type" : "ptcsgrid",
                        "UpdateButtonText" : "[[update]]",
                        "UseTheme" : true,
                        "Visible" : true,
                        "WasMigrated" : true,
                        "Width" : 400,
                        "YearLabel" : "[[years]]",
                        "Z-index" : 10,
                        "__TypeDisplayName" : "Grid Advanced"
                      },
                      "Widgets" : [ ]
                    } ]
                  } ]
                } ]
              },
              "mashupType" : "mashup"
            }
            ]]>
            </mashupContent>
            <preview></preview>
        </Mashup>
    </Mashups>
</Entities>
