<?xml version="1.0" encoding="UTF-8"?>
<Entities
 majorVersion="9"
 minorVersion="3"
 universal="password">
    <Mashups>
        <Mashup
         aspect.isEditableExtensionObject="true"
         aspect.isExtension="true"
         aspect.isFlex="true"
         aspect.isResponsive="true"
         aspect.mashupType="mashup"
         columns="0.0"
         description=""
         documentationContent=""
         homeMashup=""
         name="GitBackup.Push.Mashup"
         projectName="GitBackup"
         rows="0.0"
         tags="">
            <avatar></avatar>
            <DesignTimePermissions>
                <Create></Create>
                <Read></Read>
                <Update></Update>
                <Delete></Delete>
                <Metadata></Metadata>
            </DesignTimePermissions>
            <RunTimePermissions></RunTimePermissions>
            <VisibilityPermissions>
                <Visibility></Visibility>
            </VisibilityPermissions>
            <ConfigurationTableDefinitions></ConfigurationTableDefinitions>
            <ConfigurationTables>
                <ConfigurationTable
                 dataShapeName=""
                 description="Mashup Mobile Settings"
                 isHidden="true"
                 isMultiRow="false"
                 name="MobileSettings"
                 ordinal="0">
                    <DataShape>
                        <FieldDefinitions>
                            <FieldDefinition
                             aspect.defaultValue="false"
                             aspect.friendlyName="Disable Zoom"
                             baseType="BOOLEAN"
                             description="Disables zooming in and out within the mashup"
                             name="disableZoom"
                             ordinal="0"></FieldDefinition>
                            <FieldDefinition
                             aspect.defaultValue="true"
                             aspect.friendlyName="Full Screen Mode"
                             baseType="BOOLEAN"
                             description="Open the mashup in full screen mode"
                             name="fullScreenMode"
                             ordinal="0"></FieldDefinition>
                            <FieldDefinition
                             aspect.friendlyName="Height"
                             baseType="STRING"
                             description="The height of the mashup page"
                             name="height"
                             ordinal="0"></FieldDefinition>
                            <FieldDefinition
                             aspect.defaultValue="device-height"
                             aspect.friendlyName="Height Type"
                             baseType="STRING"
                             description="Use the height of the device display, or a custom height (in px)"
                             name="heightType"
                             ordinal="0"></FieldDefinition>
                            <FieldDefinition
                             aspect.defaultValue="1.0"
                             aspect.friendlyName="Initial Scale"
                             baseType="NUMBER"
                             description="The initial zoom scale when the mashup is loaded for the first time"
                             name="initialScale"
                             ordinal="0"></FieldDefinition>
                            <FieldDefinition
                             aspect.friendlyName="Shortcut Icon Title"
                             baseType="STRING"
                             description="A title for the mashup shortcut on the iOS home screen"
                             name="iosShortcutIconTitle"
                             ordinal="0"></FieldDefinition>
                            <FieldDefinition
                             aspect.defaultValue="black-translucent"
                             aspect.friendlyName="Status Bar Appearance"
                             baseType="STRING"
                             description="The style of the iOS status bar"
                             name="iosStatusBarAppearance"
                             ordinal="0"></FieldDefinition>
                            <FieldDefinition
                             aspect.defaultValue="10.0"
                             aspect.friendlyName="Maximum Scale"
                             baseType="NUMBER"
                             description="The maximum scale that users can zoom out to"
                             name="maximumScale"
                             ordinal="0"></FieldDefinition>
                            <FieldDefinition
                             aspect.defaultValue="0.1"
                             aspect.friendlyName="Minimum Scale"
                             baseType="NUMBER"
                             description="The minimum scale that users can zoom out to"
                             name="minimumScale"
                             ordinal="0"></FieldDefinition>
                            <FieldDefinition
                             aspect.friendlyName="Width"
                             baseType="STRING"
                             description="The width of the mashup page"
                             name="width"
                             ordinal="0"></FieldDefinition>
                            <FieldDefinition
                             aspect.defaultValue="device-width"
                             aspect.friendlyName="Width Type"
                             baseType="STRING"
                             description="Use the width of the device display, or a custom width (in px)"
                             name="widthType"
                             ordinal="0"></FieldDefinition>
                        </FieldDefinitions>
                    </DataShape>
                    <Rows>
                        <Row>
                            <disableZoom>false</disableZoom>
                            <fullScreenMode>true</fullScreenMode>
                            <height></height>
                            <heightType>
                            <![CDATA[
                            device-height
                            ]]>
                            </heightType>
                            <initialScale>1.0</initialScale>
                            <iosShortcutIconTitle></iosShortcutIconTitle>
                            <iosStatusBarAppearance>
                            <![CDATA[
                            black-translucent
                            ]]>
                            </iosStatusBarAppearance>
                            <maximumScale>10.0</maximumScale>
                            <minimumScale>0.1</minimumScale>
                            <width></width>
                            <widthType>
                            <![CDATA[
                            device-width
                            ]]>
                            </widthType>
                        </Row>
                    </Rows>
                </ConfigurationTable>
            </ConfigurationTables>
            <ParameterDefinitions>
                <FieldDefinition
                 baseType="THINGNAME"
                 description=""
                 name="GitThing"
                 ordinal="0"></FieldDefinition>
            </ParameterDefinitions>
            <Things></Things>
            <ThingShapes></ThingShapes>
            <ThingTemplates></ThingTemplates>
            <mashupContent>
            <![CDATA[
            {
              "CustomMashupCss" : "@-webkit-keyframes square-animation {\n  0% {\n    left: 0;\n    top: 0;\n  }\n  10.5% {\n    left: 0;\n    top: 0;\n  }\n  12.5% {\n    left: 12px;\n    top: 0;\n  }\n  23% {\n    left: 12px;\n    top: 0;\n  }\n  25% {\n    left: 24px;\n    top: 0;\n  }\n  35.5% {\n    left: 24px;\n    top: 0;\n  }\n  37.5% {\n    left: 24px;\n    top: 12px;\n  }\n  48% {\n    left: 24px;\n    top: 12px;\n  }\n  50% {\n    left: 12px;\n    top: 12px;\n  }\n  60.5% {\n    left: 12px;\n    top: 12px;\n  }\n  62.5% {\n    left: 12px;\n    top: 24px;\n  }\n  73% {\n    left: 12px;\n    top: 24px;\n  }\n  75% {\n    left: 0;\n    top: 24px;\n  }\n  85.5% {\n    left: 0;\n    top: 24px;\n  }\n  87.5% {\n    left: 0;\n    top: 12px;\n  }\n  98% {\n    left: 0;\n    top: 12px;\n  }\n  100% {\n    left: 0;\n    top: 0;\n  }\n}\n@keyframes square-animation {\n  0% {\n    left: 0;\n    top: 0;\n  }\n  10.5% {\n    left: 0;\n    top: 0;\n  }\n  12.5% {\n    left: 12px;\n    top: 0;\n  }\n  23% {\n    left: 12px;\n    top: 0;\n  }\n  25% {\n    left: 24px;\n    top: 0;\n  }\n  35.5% {\n    left: 24px;\n    top: 0;\n  }\n  37.5% {\n    left: 24px;\n    top: 12px;\n  }\n  48% {\n    left: 24px;\n    top: 12px;\n  }\n  50% {\n    left: 12px;\n    top: 12px;\n  }\n  60.5% {\n    left: 12px;\n    top: 12px;\n  }\n  62.5% {\n    left: 12px;\n    top: 24px;\n  }\n  73% {\n    left: 12px;\n    top: 24px;\n  }\n  75% {\n    left: 0;\n    top: 24px;\n  }\n  85.5% {\n    left: 0;\n    top: 24px;\n  }\n  87.5% {\n    left: 0;\n    top: 12px;\n  }\n  98% {\n    left: 0;\n    top: 12px;\n  }\n  100% {\n    left: 0;\n    top: 0;\n  }\n}\n@-webkit-keyframes hue-rotate {\n  0% {\n    -webkit-filter: hue-rotate(0deg);\n            filter: hue-rotate(0deg);\n  }\n  100% {\n    -webkit-filter: hue-rotate(360deg);\n            filter: hue-rotate(360deg);\n  }\n}\n@keyframes hue-rotate {\n  0% {\n    -webkit-filter: hue-rotate(0deg);\n            filter: hue-rotate(0deg);\n  }\n  100% {\n    -webkit-filter: hue-rotate(360deg);\n            filter: hue-rotate(360deg);\n  }\n}\nbody {\n  display: flex;\n  height: 100vh;\n  align-items: center;\n  justify-content: center;\n}\n\n.loading {\n  position: relative;\n  width: 36px;\n  height: 36px;\n  margin-top: 10px;\n  margin-left: 10px;\n  -webkit-transform: rotate(45deg);\n          transform: rotate(45deg);\n  -webkit-animation: hue-rotate 10s linear infinite both;\n          animation: hue-rotate 10s linear infinite both;\n}\n\n.loading__square {\n  position: absolute;\n  top: 0;\n  left: 0;\n  width: 10px;\n  height: 10px;\n  margin: 2px;\n  border-radius: 1px;\n  background: #07a;\n  background-image: linear-gradient(45deg, #fa0 40%, #0c9 60%);\n  background-image: -moz-linear-gradient(#fa0, #fa0);\n  background-size: cover;\n  background-position: center;\n  background-attachment: fixed;\n  -webkit-animation: square-animation 10s ease-in-out infinite both;\n          animation: square-animation 10s ease-in-out infinite both;\n}\n.loading__square:nth-of-type(0) {\n  -webkit-animation-delay: 0s;\n          animation-delay: 0s;\n}\n.loading__square:nth-of-type(1) {\n  -webkit-animation-delay: -1.4285714286s;\n          animation-delay: -1.4285714286s;\n}\n.loading__square:nth-of-type(2) {\n  -webkit-animation-delay: -2.8571428571s;\n          animation-delay: -2.8571428571s;\n}\n.loading__square:nth-of-type(3) {\n  -webkit-animation-delay: -4.2857142857s;\n          animation-delay: -4.2857142857s;\n}\n.loading__square:nth-of-type(4) {\n  -webkit-animation-delay: -5.7142857143s;\n          animation-delay: -5.7142857143s;\n}\n.loading__square:nth-of-type(5) {\n  -webkit-animation-delay: -7.1428571429s;\n          animation-delay: -7.1428571429s;\n}\n.loading__square:nth-of-type(6) {\n  -webkit-animation-delay: -8.5714285714s;\n          animation-delay: -8.5714285714s;\n}\n.loading__square:nth-of-type(7) {\n  -webkit-animation-delay: -10s;\n          animation-delay: -10s;\n}\n",
              "Data" : {
                "DynamicThingTemplates_GitBackupTemplate" : {
                  "DataName" : "DynamicThingTemplates_GitBackupTemplate",
                  "EntityName" : "GitBackupTemplate",
                  "EntityType" : "DynamicThingTemplates",
                  "Id" : "89660d11-e885-4a5c-aaea-e53bece8b826",
                  "Services" : [ {
                    "APIMethod" : "post",
                    "Characteristic" : "Services",
                    "Id" : "82d26ca5-7804-444d-9494-4d3891345fd3",
                    "Name" : "Push",
                    "Parameters" : { },
                    "RefreshInterval" : 0,
                    "Target" : "Push"
                  } ]
                },
                "Session" : {
                  "DataName" : "Session",
                  "EntityName" : "",
                  "EntityType" : "Session",
                  "Id" : "session",
                  "Services" : [ {
                    "APIMethod" : "post",
                    "Characteristic" : "Services",
                    "Id" : "SessionInterface",
                    "Name" : "GetGlobalSessionValues",
                    "Parameters" : { },
                    "RefreshInterval" : 0,
                    "Target" : "GetGlobalSessionValues"
                  } ]
                },
                "Things_GIT.Utility.Thing" : {
                  "DataName" : "Things_GIT.Utility.Thing",
                  "EntityName" : "GIT.Utility.Thing",
                  "EntityType" : "Things",
                  "Id" : "03646c90-57f1-45cf-a39f-886574c573bd",
                  "Services" : [ {
                    "APIMethod" : "post",
                    "Characteristic" : "Services",
                    "Id" : "4b44877a-9a03-40be-b528-9f44fd39f990",
                    "Name" : "InitUserExtensionProperties",
                    "Parameters" : { },
                    "RefreshInterval" : 0,
                    "Target" : "InitUserExtensionProperties"
                  } ]
                },
                "UserExtensions" : {
                  "DataName" : "UserExtensions",
                  "EntityName" : "",
                  "EntityType" : "UserExtensions",
                  "Id" : "UserExtensions",
                  "Services" : [ {
                    "APIMethod" : "post",
                    "Characteristic" : "Services",
                    "Id" : "UserExtensionInterface",
                    "Name" : "GetCurrentUserExtensionProperties",
                    "Parameters" : { },
                    "RefreshInterval" : 0,
                    "Target" : "GetCurrentUserExtensionProperties"
                  } ]
                }
              },
              "DataBindings" : [ {
                "Id" : "a6835754-f06f-4d04-abb6-51132dc64e78",
                "PropertyMaps" : [ {
                  "SourceProperty" : "Output",
                  "SourcePropertyBaseType" : "BOOLEAN",
                  "TargetProperty" : "Visible",
                  "TargetPropertyBaseType" : ""
                } ],
                "SourceArea" : "UI",
                "SourceId" : "expression2-22",
                "SourceSection" : "",
                "TargetArea" : "UI",
                "TargetId" : "panel-5",
                "TargetSection" : ""
              }, {
                "Id" : "1eda4c69-0c80-4a00-85a5-35e46127e13c",
                "PropertyMaps" : [ {
                  "SourceProperty" : "GitThing",
                  "SourcePropertyBaseType" : "THINGNAME",
                  "TargetProperty" : "value",
                  "TargetPropertyBaseType" : "THINGNAME",
                  "TargetPropertyType" : "Entity"
                } ],
                "SourceArea" : "Mashup",
                "SourceId" : "mashup-root",
                "SourceSection" : "",
                "TargetArea" : "Data",
                "TargetId" : "EntityName",
                "TargetSection" : "DynamicThingTemplates_GitBackupTemplate"
              }, {
                "Id" : "c32ae87d-2540-46eb-aef1-bf45eb51d0b3",
                "PropertyMaps" : [ {
                  "SourceProperty" : "Text",
                  "SourcePropertyBaseType" : "STRING",
                  "TargetProperty" : "Message",
                  "TargetPropertyBaseType" : "STRING",
                  "TargetPropertyType" : "Parameter"
                } ],
                "SourceArea" : "UI",
                "SourceId" : "ptcstextarea-17",
                "SourceSection" : "",
                "TargetArea" : "Data",
                "TargetId" : "Push",
                "TargetSection" : "DynamicThingTemplates_GitBackupTemplate"
              } ],
              "DesignTimePermissions" : {
                "Create" : [ ],
                "Delete" : [ ],
                "Metadata" : [ ],
                "Read" : [ ],
                "Update" : [ ]
              },
              "Events" : [ {
                "EventHandlerArea" : "Mashup",
                "EventHandlerId" : "mashup-root",
                "EventHandlerService" : "CloseIfPopup",
                "EventTriggerArea" : "Data",
                "EventTriggerEvent" : "ServiceInvokeCompleted",
                "EventTriggerId" : "Push",
                "EventTriggerSection" : "DynamicThingTemplates_GitBackupTemplate",
                "Id" : "9e8e84d5-1c10-4eb5-be3d-0b76baa73e5a"
              }, {
                "EventHandlerArea" : "UI",
                "EventHandlerId" : "expression2-22",
                "EventHandlerService" : "Evaluate",
                "EventTriggerArea" : "UI",
                "EventTriggerEvent" : "Clicked",
                "EventTriggerId" : "ptcsbutton-15",
                "EventTriggerSection" : "",
                "Id" : "a5abeec6-4bb4-4def-9d76-9a52a66969af"
              }, {
                "EventHandlerArea" : "Data",
                "EventHandlerId" : "DynamicThingTemplates_GitBackupTemplate",
                "EventHandlerService" : "Push",
                "EventTriggerArea" : "UI",
                "EventTriggerEvent" : "Clicked",
                "EventTriggerId" : "ptcsbutton-15",
                "EventTriggerSection" : "",
                "Id" : "bad186de-8d55-4b97-a0a1-ae34c20429aa"
              }, {
                "EventHandlerArea" : "Mashup",
                "EventHandlerId" : "mashup-root",
                "EventHandlerService" : "CloseIfPopup",
                "EventTriggerArea" : "UI",
                "EventTriggerEvent" : "Clicked",
                "EventTriggerId" : "ptcsbutton-16",
                "EventTriggerSection" : "",
                "Id" : "cd45311d-ec74-424d-8c9c-889e075c410d"
              }, {
                "EventHandlerArea" : "Data",
                "EventHandlerId" : "Things_GIT.Utility.Thing",
                "EventHandlerService" : "InitUserExtensionProperties",
                "EventTriggerArea" : "Mashup",
                "EventTriggerEvent" : "Loaded",
                "EventTriggerId" : "mashup-root",
                "EventTriggerSection" : "",
                "Id" : "c1222a85-fcae-4c34-a1c3-3e5d527006ea"
              } ],
              "Reminders" : [ ],
              "RunTimePermissions" : {
                "permissions" : [ ]
              },
              "UI" : {
                "Properties" : {
                  "AddToDashboardButton" : "SimplePlus",
                  "AddToDashboardButtonStyle" : "DefaultAddToDashboardButtonStyle",
                  "Area" : "Mashup",
                  "BGImage" : "",
                  "BGImageRepeat" : "no-repeat",
                  "BGImageSize" : "auto",
                  "Columns" : 0,
                  "ConfigureGadgetButton" : "SimpleGear",
                  "ConfigureGadgetButtonStyle" : "DefaultConfigureGadgetButtonStyle",
                  "DisplayName" : "Mashup",
                  "EnableParameterEditing" : false,
                  "Height" : 618,
                  "Id" : "mashup-root",
                  "IgnoreWarningsInViewMashup" : false,
                  "IsPrintLayout" : false,
                  "Left" : 0,
                  "Margin" : "5",
                  "MashupToEditGadget" : "DefaultMashupToEditGadget",
                  "MigratedOn" : "2023-03-20T23:16:50.000Z",
                  "MinHeight" : 0,
                  "MinWidth" : 0,
                  "ResponsiveLayout" : true,
                  "Rows" : 0,
                  "ShowDataLoading" : true,
                  "Style" : "DefaultMashupStyle",
                  "StyleProperties" : {
                    "data" : { },
                    "meta" : {
                      "type" : "WidgetStyler",
                      "version" : "1.0"
                    }
                  },
                  "StyleTheme" : "GitBackup.StyleTheme",
                  "Title" : "",
                  "TitleBar" : false,
                  "TitleBarStyle" : "DefaultTitleBarStyle",
                  "TitleBarText" : "Gadget Title Here",
                  "Top" : 0,
                  "Type" : "mashup",
                  "UseMasterTheme" : false,
                  "UseTheme" : false,
                  "UseThemeForHybrids" : false,
                  "Visible" : true,
                  "Width" : 1024,
                  "Z-index" : 10,
                  "__TypeDisplayName" : "Mashup",
                  "_currentParameterDefs" : [ {
                    "BaseType" : "THINGNAME",
                    "Description" : "",
                    "ParameterName" : "GitThing"
                  } ],
                  "id_index" : 22,
                  "supportsAutoResize" : true
                },
                "Widgets" : [ {
                  "Properties" : {
                    "Area" : "UI",
                    "CollapseTabIcon" : "",
                    "DisplayName" : "container-1",
                    "EnableContainerUnload" : false,
                    "EnableExpandCollapse" : false,
                    "ExpandCollapseTabLocation" : "inside",
                    "ExpandTabIcon" : "",
                    "Expanded" : true,
                    "Id" : "flexcontainer-1",
                    "LastContainer" : true,
                    "LazyLoading" : false,
                    "Margin" : "",
                    "Overlay" : false,
                    "ResponsiveLayout" : true,
                    "ShowDataLoading" : true,
                    "ShowExpandCollapseTab" : false,
                    "SourceURL" : "",
                    "Style" : "DefaultContainerStyle",
                    "StyleProperties" : { },
                    "Type" : "flexcontainer",
                    "UseTheme" : true,
                    "Visible" : true,
                    "Z-index" : 10,
                    "align-content" : "flex-start",
                    "align-items" : "flex-start",
                    "flex-basis" : "auto",
                    "flex-direction" : "row",
                    "flex-grow" : 1,
                    "flex-max-height" : "",
                    "flex-max-width" : "",
                    "flex-min-height" : "",
                    "flex-min-width" : "",
                    "flex-shrink" : 1,
                    "flex-size" : "default",
                    "flex-wrap" : "nowrap",
                    "iconClass" : "widgets-flexcontainer",
                    "justify-content" : "flex-start",
                    "positioning" : "static",
                    "userCannotRemove" : true
                  },
                  "Widgets" : [ {
                    "Properties" : {
                      "Area" : "UI",
                      "ContainerClass" : "",
                      "DisplayName" : "panel-5",
                      "Height" : 261,
                      "HideScrollbars" : false,
                      "HorizontalAnchor" : "left",
                      "Id" : "panel-5",
                      "LastContainer" : false,
                      "Left" : 0,
                      "Margin" : "5",
                      "ResponsiveLayout" : false,
                      "ShowDataLoading" : true,
                      "Style" : {
                        "backgroundColor" : "#ffffff",
                        "displayString" : "",
                        "fontEmphasisBold" : false,
                        "fontEmphasisItalic" : false,
                        "fontEmphasisUnderline" : false,
                        "foregroundColor" : "",
                        "image" : "",
                        "lineColor" : "",
                        "lineStyle" : "solid",
                        "lineThickness" : 1,
                        "secondaryBackgroundColor" : "",
                        "textSize" : "normal"
                      },
                      "Top" : 0,
                      "Type" : "panel",
                      "VerticalAnchor" : "top",
                      "Visible" : false,
                      "Width" : 500,
                      "Z-index" : 11,
                      "__TypeDisplayName" : "Panel"
                    },
                    "Widgets" : [ {
                      "Properties" : {
                        "Area" : "UI",
                        "DisclosureControl" : "show-more",
                        "DisplayName" : "lb_PushText",
                        "HorizontalAlignment" : "center",
                        "Id" : "ptcslabel-7",
                        "LabelText" : "Executing Push to Git...",
                        "LabelType" : "label",
                        "LastContainer" : false,
                        "Left" : 143,
                        "Margin" : "5",
                        "MultiLine" : true,
                        "PreserveWhiteSpace" : false,
                        "ResponsiveLayout" : false,
                        "ShowDataLoading" : true,
                        "TooltipField" : "",
                        "Top" : 125,
                        "Type" : "ptcslabel",
                        "UseTheme" : true,
                        "VerticalAlignment" : "flex-start",
                        "Visible" : true,
                        "Width" : 220,
                        "Z-index" : 10,
                        "__TypeDisplayName" : "Label",
                        "overflowShowLessTxt" : "[[showLess]]",
                        "overflowShowMoreTxt" : "[[showMore]]"
                      },
                      "Widgets" : [ ]
                    }, {
                      "Properties" : {
                        "Area" : "UI",
                        "DisplayName" : "html_LoadingIcon",
                        "EscapeHTMLText" : false,
                        "Height" : 60,
                        "Id" : "htmltextarea-18",
                        "Label" : "",
                        "LabelAlignment" : "left",
                        "LabelStyle" : "DefaultWidgetLabelStyle",
                        "LastContainer" : false,
                        "Left" : 219,
                        "Margin" : "5",
                        "ReadOnly" : true,
                        "ResponsiveLayout" : false,
                        "ShowBorder" : false,
                        "ShowDataLoading" : true,
                        "ShowToolbar" : true,
                        "Text" : "<div class='loading'>   <div class='loading__square'></div>   <div class='loading__square'></div>   <div class='loading__square'></div>   <div class='loading__square'></div>   <div class='loading__square'></div>   <div class='loading__square'></div>   <div class='loading__square'></div> </div>",
                        "ToolTipField" : "",
                        "ToolTipStyle" : "DefaultTooltipStyle",
                        "Top" : 55,
                        "Type" : "htmltextarea",
                        "UseTheme" : false,
                        "Visible" : true,
                        "Width" : 70,
                        "Z-index" : 10,
                        "__TypeDisplayName" : "Html TextArea",
                        "__supportsLabel" : true,
                        "__supportsTooltip" : true
                      },
                      "Widgets" : [ ]
                    } ]
                  }, {
                    "Properties" : {
                      "Area" : "UI",
                      "ButtonType" : "secondary",
                      "ContextID" : "",
                      "CustomClass" : "",
                      "Disabled" : false,
                      "DisplayName" : "btn_Push",
                      "Height" : 38,
                      "Id" : "ptcsbutton-15",
                      "Label" : "Push",
                      "LabelAlignment" : "center",
                      "LastContainer" : false,
                      "Left" : 385,
                      "Margin" : "5",
                      "MultiLine" : true,
                      "ResponsiveLayout" : false,
                      "SVGIcon" : "cds:icon_send",
                      "ShowDataLoading" : true,
                      "TabSequence" : 2,
                      "TooltipField" : "",
                      "Top" : 213,
                      "Type" : "ptcsbutton",
                      "UseTheme" : true,
                      "Visible" : true,
                      "Width" : 105,
                      "Z-index" : 10,
                      "__TypeDisplayName" : "Button"
                    },
                    "Widgets" : [ ]
                  }, {
                    "Properties" : {
                      "Area" : "UI",
                      "ButtonType" : "primary",
                      "ContextID" : "",
                      "CustomClass" : "",
                      "Disabled" : false,
                      "DisplayName" : "btn_Cancel",
                      "Height" : 38,
                      "Id" : "ptcsbutton-16",
                      "Label" : "Cancel",
                      "LabelAlignment" : "center",
                      "LastContainer" : false,
                      "Left" : 10,
                      "Margin" : "5",
                      "MultiLine" : true,
                      "ResponsiveLayout" : false,
                      "ShowDataLoading" : true,
                      "TabSequence" : 3,
                      "TooltipField" : "",
                      "Top" : 214,
                      "Type" : "ptcsbutton",
                      "UseTheme" : true,
                      "Visible" : true,
                      "Width" : 90,
                      "Z-index" : 10,
                      "__TypeDisplayName" : "Button"
                    },
                    "Widgets" : [ ]
                  }, {
                    "Properties" : {
                      "Area" : "UI",
                      "Counter" : false,
                      "CriteriaMessage" : "",
                      "CriteriaMessageDetails" : "",
                      "CustomClass" : "text-area-push-placeholder",
                      "Disabled" : false,
                      "DisplayName" : "txtarea_CommitMessage",
                      "FillContainer" : true,
                      "Height" : 194,
                      "Id" : "ptcstextarea-17",
                      "Label" : "",
                      "LabelAlignment" : "left",
                      "LastContainer" : false,
                      "Left" : 10,
                      "Margin" : "5",
                      "MaxLengthFailureMessage" : "${value} characters is the maximum",
                      "MaxNumberOfCharacters" : 1000000,
                      "MinLengthFailureMessage" : "${value} characters is the minimum",
                      "ReadOnly" : false,
                      "RequiredMessage" : "A value is required",
                      "ResponsiveLayout" : false,
                      "ShowDataLoading" : true,
                      "ShowValidationCriteria" : false,
                      "ShowValidationFailure" : false,
                      "ShowValidationSuccess" : false,
                      "SuccessMessage" : "",
                      "SuccessMessageDetails" : "",
                      "TabSequence" : 1,
                      "Text" : "",
                      "TextAlignment" : "left",
                      "TooltipField" : "Comment",
                      "Top" : 10,
                      "Type" : "ptcstextarea",
                      "UseTheme" : true,
                      "ValidationCriteriaIcon" : "cds:icon_info",
                      "ValidationFailureIcon" : "cds:icon_error",
                      "ValidationState" : "undefined",
                      "ValidationSuccessIcon" : "cds:icon_success",
                      "ValueRequired" : false,
                      "Visible" : true,
                      "Width" : 480,
                      "Z-index" : 10,
                      "__TypeDisplayName" : "TextArea"
                    },
                    "Widgets" : [ ]
                  } ]
                }, {
                  "Properties" : {
                    "Area" : "UI",
                    "AutoEvaluate" : false,
                    "DataChangeType" : "ALWAYS",
                    "DisplayName" : "exp_ShowPush",
                    "Expression" : "true",
                    "FireOnFirstValue" : false,
                    "Height" : 28,
                    "Id" : "expression2-22",
                    "LastContainer" : false,
                    "Left" : null,
                    "Margin" : "5",
                    "Output" : false,
                    "OutputBaseType" : "BOOLEAN",
                    "ResponsiveLayout" : false,
                    "ShowDataLoading" : true,
                    "Top" : null,
                    "Type" : "expression2",
                    "Visible" : true,
                    "Width" : 200,
                    "Z-index" : 10,
                    "__TypeDisplayName" : "Expression",
                    "_currentParameterDefs" : [ ]
                  },
                  "Widgets" : [ ]
                } ]
              },
              "mashupType" : "mashup"
            }
            ]]>
            </mashupContent>
            <preview></preview>
        </Mashup>
    </Mashups>
</Entities>
