<?xml version="1.0" encoding="UTF-8"?>
<Entities
 majorVersion="9"
 minorVersion="3"
 universal="password">
    <Mashups>
        <Mashup
         aspect.isExtension="true"
         aspect.isResponsive="true"
         aspect.mashupType="mashup"
         aspect.isEditableExtensionObject="true"
         columns="0.0"
         description=""
         documentationContent=""
         homeMashup=""
         name="GitBackup.ConfirmDeleteThing.Mashup"
         projectName="GitBackup"
         rows="0.0"
         tags="">
            <avatar></avatar>
            <DesignTimePermissions>
                <Create></Create>
                <Read></Read>
                <Update></Update>
                <Delete></Delete>
                <Metadata></Metadata>
            </DesignTimePermissions>
            <RunTimePermissions></RunTimePermissions>
            <VisibilityPermissions>
                <Visibility></Visibility>
            </VisibilityPermissions>
            <ConfigurationTableDefinitions></ConfigurationTableDefinitions>
            <ConfigurationTables>
                <ConfigurationTable
                 dataShapeName=""
                 description="Mashup Mobile Settings"
                 isHidden="true"
                 isMultiRow="false"
                 name="MobileSettings"
                 ordinal="0">
                    <DataShape>
                        <FieldDefinitions>
                            <FieldDefinition
                             aspect.defaultValue="false"
                             aspect.friendlyName="Disable Zoom"
                             baseType="BOOLEAN"
                             description="Disables zooming in and out within the mashup"
                             name="disableZoom"
                             ordinal="0"></FieldDefinition>
                            <FieldDefinition
                             aspect.defaultValue="true"
                             aspect.friendlyName="Full Screen Mode"
                             baseType="BOOLEAN"
                             description="Open the mashup in full screen mode"
                             name="fullScreenMode"
                             ordinal="0"></FieldDefinition>
                            <FieldDefinition
                             aspect.friendlyName="Height"
                             baseType="STRING"
                             description="The height of the mashup page"
                             name="height"
                             ordinal="0"></FieldDefinition>
                            <FieldDefinition
                             aspect.defaultValue="device-height"
                             aspect.friendlyName="Height Type"
                             baseType="STRING"
                             description="Use the height of the device display, or a custom height (in px)"
                             name="heightType"
                             ordinal="0"></FieldDefinition>
                            <FieldDefinition
                             aspect.defaultValue="1.0"
                             aspect.friendlyName="Initial Scale"
                             baseType="NUMBER"
                             description="The initial zoom scale when the mashup is loaded for the first time"
                             name="initialScale"
                             ordinal="0"></FieldDefinition>
                            <FieldDefinition
                             aspect.friendlyName="Shortcut Icon Title"
                             baseType="STRING"
                             description="A title for the mashup shortcut on the iOS home screen"
                             name="iosShortcutIconTitle"
                             ordinal="0"></FieldDefinition>
                            <FieldDefinition
                             aspect.defaultValue="black-translucent"
                             aspect.friendlyName="Status Bar Appearance"
                             baseType="STRING"
                             description="The style of the iOS status bar"
                             name="iosStatusBarAppearance"
                             ordinal="0"></FieldDefinition>
                            <FieldDefinition
                             aspect.defaultValue="10.0"
                             aspect.friendlyName="Maximum Scale"
                             baseType="NUMBER"
                             description="The maximum scale that users can zoom out to"
                             name="maximumScale"
                             ordinal="0"></FieldDefinition>
                            <FieldDefinition
                             aspect.defaultValue="0.1"
                             aspect.friendlyName="Minimum Scale"
                             baseType="NUMBER"
                             description="The minimum scale that users can zoom out to"
                             name="minimumScale"
                             ordinal="0"></FieldDefinition>
                            <FieldDefinition
                             aspect.friendlyName="Width"
                             baseType="STRING"
                             description="The width of the mashup page"
                             name="width"
                             ordinal="0"></FieldDefinition>
                            <FieldDefinition
                             aspect.defaultValue="device-width"
                             aspect.friendlyName="Width Type"
                             baseType="STRING"
                             description="Use the width of the device display, or a custom width (in px)"
                             name="widthType"
                             ordinal="0"></FieldDefinition>
                        </FieldDefinitions>
                    </DataShape>
                    <Rows>
                        <Row>
                            <disableZoom>false</disableZoom>
                            <fullScreenMode>true</fullScreenMode>
                            <height></height>
                            <heightType>
                            <![CDATA[
                            device-height
                            ]]>
                            </heightType>
                            <initialScale>1.0</initialScale>
                            <iosShortcutIconTitle></iosShortcutIconTitle>
                            <iosStatusBarAppearance>
                            <![CDATA[
                            black-translucent
                            ]]>
                            </iosStatusBarAppearance>
                            <maximumScale>10.0</maximumScale>
                            <minimumScale>0.1</minimumScale>
                            <width></width>
                            <widthType>
                            <![CDATA[
                            device-width
                            ]]>
                            </widthType>
                        </Row>
                    </Rows>
                </ConfigurationTable>
            </ConfigurationTables>
            <ParameterDefinitions>
                <FieldDefinition
                 aspect.ordinal="0"
                 baseType="STRING"
                 description=""
                 name="GitThingName"
                 ordinal="0"></FieldDefinition>
            </ParameterDefinitions>
            <Things>
                <Thing>GIT.Utility.Thing</Thing>
            </Things>
            <ThingShapes></ThingShapes>
            <ThingTemplates></ThingTemplates>
            <mashupContent>
            <![CDATA[
            {
              "ConfigurationTables" : { },
              "CustomMashupCss" : "",
              "Data" : {
                "Session" : {
                  "DataName" : "Session",
                  "EntityName" : "",
                  "EntityType" : "Session",
                  "Id" : "session",
                  "Services" : [ {
                    "APIMethod" : "post",
                    "Characteristic" : "Services",
                    "Id" : "SessionInterface",
                    "Name" : "GetGlobalSessionValues",
                    "Parameters" : { },
                    "RefreshInterval" : 0,
                    "Target" : "GetGlobalSessionValues"
                  } ]
                },
                "Things_GIT.Utility.Thing" : {
                  "DataName" : "Things_GIT.Utility.Thing",
                  "EntityName" : "GIT.Utility.Thing",
                  "EntityType" : "Things",
                  "Id" : "d0f60598-eb2d-4fcf-8d7a-73e32fa7497a",
                  "Services" : [ {
                    "APIMethod" : "post",
                    "Characteristic" : "Services",
                    "Id" : "77f4b878-154f-434d-8348-75729b8a4c83",
                    "Name" : "DeteleGitThing",
                    "Parameters" : { },
                    "RefreshInterval" : 0,
                    "Target" : "DeteleGitThing"
                  } ]
                },
                "UserExtensions" : {
                  "DataName" : "UserExtensions",
                  "EntityName" : "",
                  "EntityType" : "UserExtensions",
                  "Id" : "UserExtensions",
                  "Services" : [ {
                    "APIMethod" : "post",
                    "Characteristic" : "Services",
                    "Id" : "UserExtensionInterface",
                    "Name" : "GetCurrentUserExtensionProperties",
                    "Parameters" : { },
                    "RefreshInterval" : 0,
                    "Target" : "GetCurrentUserExtensionProperties"
                  } ]
                }
              },
              "DataBindings" : [ {
                "Id" : "403ac5c2-dd95-4150-a093-dfe936183658",
                "PropertyMaps" : [ {
                  "SourceProperty" : "GitThingName",
                  "SourcePropertyBaseType" : "STRING",
                  "SourcePropertyType" : "Property",
                  "TargetProperty" : "GitThingName",
                  "TargetPropertyBaseType" : "STRING",
                  "TargetPropertyType" : "property"
                } ],
                "SourceArea" : "Mashup",
                "SourceId" : "mashup-root",
                "SourceSection" : "",
                "TargetArea" : "UI",
                "TargetId" : "expression-9",
                "TargetSection" : ""
              }, {
                "Id" : "3c1b59aa-a0cd-4f98-bc69-c1e336e0ec1e",
                "PropertyMaps" : [ {
                  "SourceProperty" : "GitThingName",
                  "SourcePropertyBaseType" : "STRING",
                  "TargetProperty" : "RepoName",
                  "TargetPropertyBaseType" : "STRING",
                  "TargetPropertyType" : "Parameter"
                } ],
                "SourceArea" : "Mashup",
                "SourceId" : "mashup-root",
                "SourceSection" : "",
                "TargetArea" : "Data",
                "TargetId" : "DeteleGitThing",
                "TargetSection" : "Things_GIT.Utility.Thing"
              }, {
                "Id" : "ff9cad2f-72ee-48a6-8c83-d055f4ee2f90",
                "PropertyMaps" : [ {
                  "SourceProperty" : "Output",
                  "SourcePropertyBaseType" : "STRING",
                  "SourcePropertyType" : "Property",
                  "TargetProperty" : "Text",
                  "TargetPropertyBaseType" : "STRING",
                  "TargetPropertyType" : "property"
                } ],
                "SourceArea" : "UI",
                "SourceId" : "expression-9",
                "SourceSection" : "",
                "TargetArea" : "UI",
                "TargetId" : "htmltextarea-16",
                "TargetSection" : ""
              }, {
                "Id" : "71254cc6-97f1-4c97-a229-85a81f9e7955",
                "PropertyMaps" : [ {
                  "SourceProperty" : "GitThingName",
                  "SourcePropertyBaseType" : "STRING",
                  "SourcePropertyType" : "Property",
                  "TargetProperty" : "GitThingName",
                  "TargetPropertyBaseType" : "STRING",
                  "TargetPropertyType" : "property"
                } ],
                "SourceArea" : "Mashup",
                "SourceId" : "mashup-root",
                "SourceSection" : "",
                "TargetArea" : "UI",
                "TargetId" : "expression-19",
                "TargetSection" : ""
              }, {
                "Id" : "b373b8ab-6b15-49bc-a702-dcfbbff7c734",
                "PropertyMaps" : [ {
                  "SourceProperty" : "Output",
                  "SourcePropertyBaseType" : "STRING",
                  "SourcePropertyType" : "Property",
                  "TargetProperty" : "Message",
                  "TargetPropertyBaseType" : "STRING",
                  "TargetPropertyType" : "property"
                } ],
                "SourceArea" : "UI",
                "SourceId" : "expression-19",
                "SourceSection" : "",
                "TargetArea" : "UI",
                "TargetId" : "statusmessage-18",
                "TargetSection" : ""
              } ],
              "DesignTimePermissions" : {
                "Create" : [ ],
                "Delete" : [ ],
                "Metadata" : [ ],
                "Read" : [ ],
                "Update" : [ ]
              },
              "Events" : [ {
                "EventHandlerArea" : "Mashup",
                "EventHandlerId" : "mashup-root",
                "EventHandlerService" : "CloseIfPopup",
                "EventTriggerArea" : "UI",
                "EventTriggerEvent" : "Clicked",
                "EventTriggerId" : "button-11",
                "EventTriggerSection" : "",
                "Id" : "1ee278d7-7520-4fbe-b5e2-5fe4ef210f4e"
              }, {
                "EventHandlerArea" : "Data",
                "EventHandlerId" : "Things_GIT.Utility.Thing",
                "EventHandlerService" : "DeteleGitThing",
                "EventTriggerArea" : "UI",
                "EventTriggerEvent" : "Clicked",
                "EventTriggerId" : "button-12",
                "EventTriggerSection" : "",
                "Id" : "4806832b-cbec-46ac-8d43-bf13806ce47b"
              }, {
                "EventHandlerArea" : "UI",
                "EventHandlerId" : "expression-17",
                "EventHandlerService" : "Evaluate",
                "EventTriggerArea" : "Data",
                "EventTriggerEvent" : "ServiceInvokeCompleted",
                "EventTriggerId" : "DeteleGitThing",
                "EventTriggerSection" : "Things_GIT.Utility.Thing",
                "Id" : "dfa72093-a0ba-4c94-b494-521ba7269de8"
              }, {
                "EventHandlerArea" : "Mashup",
                "EventHandlerId" : "mashup-root",
                "EventHandlerService" : "CloseIfPopup",
                "EventTriggerArea" : "UI",
                "EventTriggerEvent" : "Changed",
                "EventTriggerId" : "expression-17",
                "EventTriggerSection" : "",
                "Id" : "485a79dc-c5a9-4892-9a09-f8d8f39025ff"
              }, {
                "EventHandlerArea" : "UI",
                "EventHandlerId" : "statusmessage-18",
                "EventHandlerService" : "ShowMessage",
                "EventTriggerArea" : "UI",
                "EventTriggerEvent" : "Changed",
                "EventTriggerId" : "expression-17",
                "EventTriggerSection" : "",
                "Id" : "9e7ec382-e98f-4f01-804e-e945d70605a9"
              } ],
              "RunTimePermissions" : {
                "permissions" : [ ]
              },
              "UI" : {
                "Properties" : {
                  "AddToDashboardButtonStyle" : "DefaultAddToDashboardButtonStyle",
                  "Area" : "Mashup",
                  "BGImageRepeat" : "no-repeat",
                  "BGImageSize" : "auto",
                  "Columns" : 0,
                  "ConfigureGadgetButtonStyle" : "DefaultConfigureGadgetButtonStyle",
                  "DisplayName" : "Mashup",
                  "EnableParameterEditing" : false,
                  "Height" : 618,
                  "Id" : "mashup-root",
                  "IgnoreWarningsInViewMashup" : false,
                  "IsPrintLayout" : false,
                  "Left" : 0,
                  "MashupToEditGadget" : "DefaultMashupToEditGadget",
                  "MinHeight" : 0,
                  "MinWidth" : 0,
                  "ResponsiveLayout" : true,
                  "Rows" : 0,
                  "ShowDataLoading" : true,
                  "Style" : "DefaultMashupStyle",
                  "Title" : "",
                  "TitleBar" : false,
                  "TitleBarStyle" : "DefaultTitleBarStyle",
                  "TitleBarText" : "Gadget Title Here",
                  "Top" : 0,
                  "Type" : "mashup",
                  "Visible" : true,
                  "Width" : 1024,
                  "Z-index" : 10,
                  "__TypeDisplayName" : "Mashup",
                  "_currentParameterDefs" : [ {
                    "BaseType" : "STRING",
                    "Description" : "",
                    "ParameterName" : "GitThingName"
                  } ],
                  "id_index" : 19,
                  "supportsAutoResize" : true
                },
                "Widgets" : [ {
                  "Properties" : {
                    "Area" : "UI",
                    "Columns" : 0,
                    "CustomClass" : "",
                    "DisplayName" : "layout-1",
                    "Footer" : true,
                    "FooterHeight" : 64,
                    "Header" : false,
                    "HeaderHeight" : 0,
                    "Id" : "layout-1",
                    "IncludeSpacingInFixedAreas" : false,
                    "IsPrintLayout" : false,
                    "Left" : 395,
                    "LeftSidebar" : false,
                    "LeftSidebarWidth" : 0,
                    "Orientation" : "vertical",
                    "PctColumn1" : 50,
                    "PctColumn2" : 50,
                    "PctColumn3" : 1,
                    "PctColumn4" : 1,
                    "PctColumn5" : 1,
                    "PctColumn6" : 1,
                    "PctColumn7" : 1,
                    "PctColumn8" : 1,
                    "PctRow1" : 100,
                    "PctRow2" : 0,
                    "PctRow3" : 0,
                    "PctRow4" : 0,
                    "PctRow5" : 0,
                    "PctRow6" : 0,
                    "PctRow7" : 0,
                    "PctRow8" : 0,
                    "PrintMarginLeftRight" : 0.5,
                    "PrintMarginTopBottom" : 0.5,
                    "PrintWidth" : 650,
                    "ResponsiveLayout" : true,
                    "RightSidebar" : false,
                    "RightSidebarWidth" : 0,
                    "Rows" : 1,
                    "ShowDataLoading" : true,
                    "Spacing" : 0,
                    "Top" : 170,
                    "Type" : "layout",
                    "Visible" : true,
                    "Z-index" : 10,
                    "__TypeDisplayName" : "Layout"
                  },
                  "Widgets" : [ {
                    "Properties" : {
                      "AnimateExpandCollapse" : true,
                      "Area" : "UI",
                      "BGImageRepeat" : "no-repeat",
                      "BGImageSize" : "auto",
                      "DisplayName" : "Row 1",
                      "ExpandCollapseTabLocation" : "outside",
                      "Expanded" : true,
                      "Id" : "container-3",
                      "MinHeight" : 0,
                      "MinWidth" : 0,
                      "Overlay" : false,
                      "OverlayIsTransparent" : false,
                      "ResponsiveLayout" : true,
                      "ShowDataLoading" : true,
                      "ShowExpandCollapseTab" : false,
                      "Style" : "DefaultContainerStyle",
                      "TabCollapseStyle" : "DefaultTabCollapseStyle",
                      "TabExpandStyle" : "DefaultTabExpandStyle",
                      "TabHeight" : 36,
                      "TabLocation" : "center",
                      "TabOffset" : 0,
                      "TabWidth" : 36,
                      "Type" : "container",
                      "Visible" : true,
                      "Z-index" : 10,
                      "__TypeDisplayName" : "Container"
                    },
                    "Widgets" : [ {
                      "Properties" : {
                        "Area" : "UI",
                        "DisplayName" : "htmltextarea-16",
                        "Height" : 200,
                        "Id" : "htmltextarea-16",
                        "Label" : "",
                        "LabelAlignment" : "left",
                        "LabelStyle" : "DefaultWidgetLabelStyle",
                        "Left" : 185,
                        "ReadOnly" : true,
                        "ResponsiveLayout" : true,
                        "ShowBorder" : false,
                        "ShowDataLoading" : true,
                        "ShowToolbar" : true,
                        "Text" : "",
                        "ToolTipField" : "",
                        "ToolTipStyle" : "DefaultTooltipStyle",
                        "Top" : 110,
                        "Type" : "htmltextarea",
                        "Visible" : true,
                        "Width" : 475,
                        "Z-index" : 10,
                        "__TypeDisplayName" : "Html TextArea",
                        "__supportsLabel" : true,
                        "__supportsTooltip" : true
                      },
                      "Widgets" : [ ]
                    } ]
                  }, {
                    "Properties" : {
                      "AnimateExpandCollapse" : true,
                      "Area" : "UI",
                      "BGImageRepeat" : "no-repeat",
                      "BGImageSize" : "auto",
                      "DisplayName" : "Footer",
                      "ExpandCollapseTabLocation" : "outside",
                      "Expanded" : true,
                      "Id" : "container-14",
                      "MinHeight" : 0,
                      "MinWidth" : 0,
                      "Overlay" : false,
                      "OverlayIsTransparent" : false,
                      "ResponsiveLayout" : true,
                      "ShowDataLoading" : true,
                      "ShowExpandCollapseTab" : false,
                      "Style" : "DefaultContainerStyle",
                      "TabCollapseStyle" : "DefaultTabCollapseStyle",
                      "TabExpandStyle" : "DefaultTabExpandStyle",
                      "TabHeight" : 36,
                      "TabLocation" : "center",
                      "TabOffset" : 0,
                      "TabWidth" : 36,
                      "Type" : "container",
                      "Visible" : true,
                      "Z-index" : 10,
                      "__TypeDisplayName" : "Container"
                    },
                    "Widgets" : [ {
                      "Properties" : {
                        "Area" : "UI",
                        "CustomClass" : "border-top1",
                        "DisplayName" : "panel-10",
                        "Height" : 200,
                        "HideScrollbars" : false,
                        "HorizontalAnchor" : "left",
                        "Id" : "panel-10",
                        "Left" : 530,
                        "ResponsiveLayout" : true,
                        "ShowDataLoading" : true,
                        "Style" : {
                          "backgroundColor" : "rgba(248,249,251,1)",
                          "displayString" : "",
                          "fontEmphasisBold" : false,
                          "fontEmphasisItalic" : false,
                          "fontEmphasisUnderline" : false,
                          "foregroundColor" : "",
                          "image" : "",
                          "lineColor" : "",
                          "lineStyle" : "solid",
                          "lineThickness" : 1,
                          "secondaryBackgroundColor" : "",
                          "textSize" : "normal"
                        },
                        "Top" : 55,
                        "Type" : "panel",
                        "VerticalAnchor" : "top",
                        "Visible" : true,
                        "Width" : 300,
                        "Z-index" : 10,
                        "__TypeDisplayName" : "Panel"
                      },
                      "Widgets" : [ {
                        "Properties" : {
                          "Area" : "UI",
                          "DisplayName" : "panel-15",
                          "Height" : 50,
                          "HideScrollbars" : false,
                          "HorizontalAnchor" : "center",
                          "Id" : "panel-15",
                          "Left" : 641,
                          "ResponsiveLayout" : false,
                          "ShowDataLoading" : true,
                          "Style" : "DefaultContainerStyle",
                          "Top" : 17,
                          "Type" : "panel",
                          "VerticalAnchor" : "middle",
                          "Visible" : true,
                          "Width" : 190,
                          "Z-index" : 10,
                          "__TypeDisplayName" : "Panel"
                        },
                        "Widgets" : [ {
                          "Properties" : {
                            "ActiveStyle" : {
                              "backgroundColor" : "#d6dadc",
                              "displayString" : "",
                              "fontEmphasisBold" : true,
                              "fontEmphasisItalic" : false,
                              "fontEmphasisUnderline" : false,
                              "foregroundColor" : "#24292e",
                              "lineColor" : "#a1a5a8",
                              "lineStyle" : "solid",
                              "lineThickness" : 1,
                              "secondaryBackgroundColor" : "#e8ebee",
                              "textSize" : "large"
                            },
                            "Area" : "UI",
                            "CancelConfirmationButton" : "button2",
                            "ConfirmationButton1Label" : "Yes",
                            "ConfirmationButton2Label" : "No",
                            "ConfirmationPrompt" : "Do Action?",
                            "ConfirmationRequired" : false,
                            "ConfirmationTitle" : "Confirm Action",
                            "ContextId" : "",
                            "CustomClass" : "white-btn",
                            "DefaultConfirmationButton" : "button1",
                            "Description" : "",
                            "Disabled" : false,
                            "DisabledStyle" : {
                              "backgroundColor" : "#cccccc",
                              "displayString" : "",
                              "fontEmphasisBold" : true,
                              "fontEmphasisItalic" : false,
                              "fontEmphasisUnderline" : false,
                              "foregroundColor" : "#959595",
                              "lineColor" : "#aaaaaa",
                              "lineStyle" : "solid",
                              "lineThickness" : 1,
                              "secondaryBackgroundColor" : "",
                              "textSize" : "large"
                            },
                            "DisplayName" : "btn_Cancel",
                            "FocusStyle" : {
                              "backgroundColor" : "",
                              "displayString" : "",
                              "fontEmphasisBold" : false,
                              "fontEmphasisItalic" : false,
                              "fontEmphasisUnderline" : false,
                              "foregroundColor" : "",
                              "image" : "",
                              "lineColor" : "#a1a5a8",
                              "lineStyle" : "solid",
                              "lineThickness" : 1,
                              "secondaryBackgroundColor" : "",
                              "textSize" : "normal"
                            },
                            "Height" : 38,
                            "HoverStyle" : {
                              "backgroundColor" : "#edf1f5",
                              "displayString" : "",
                              "fontEmphasisBold" : true,
                              "fontEmphasisItalic" : false,
                              "fontEmphasisUnderline" : false,
                              "foregroundColor" : "#24292e",
                              "lineColor" : "#9fa4a9",
                              "lineStyle" : "solid",
                              "lineThickness" : 1,
                              "secondaryBackgroundColor" : "#e6ebf1",
                              "textSize" : "large"
                            },
                            "IconAlignment" : "left",
                            "Id" : "button-11",
                            "Label" : "Cancel",
                            "Left" : 100,
                            "ResponsiveLayout" : false,
                            "RoundedCorners" : false,
                            "ShowDataLoading" : true,
                            "Style" : {
                              "backgroundColor" : "#f9fbfc",
                              "displayString" : "",
                              "fontEmphasisBold" : true,
                              "fontEmphasisItalic" : false,
                              "fontEmphasisUnderline" : false,
                              "foregroundColor" : "#24292e",
                              "lineColor" : "#c8cbce",
                              "lineStyle" : "solid",
                              "lineThickness" : 1,
                              "secondaryBackgroundColor" : "#eff3f6",
                              "textSize" : "large"
                            },
                            "TabSequence" : 2,
                            "ToolTipField" : "",
                            "ToolTipStyle" : "DefaultTooltipStyle",
                            "Top" : 5,
                            "Type" : "button",
                            "Visible" : true,
                            "Width" : 85,
                            "Z-index" : 10,
                            "__TypeDisplayName" : "Button",
                            "__supportsTooltip" : true
                          },
                          "Widgets" : [ ]
                        }, {
                          "Properties" : {
                            "ActiveStyle" : {
                              "backgroundColor" : "#d6dadc",
                              "displayString" : "",
                              "fontEmphasisBold" : true,
                              "fontEmphasisItalic" : false,
                              "fontEmphasisUnderline" : false,
                              "foregroundColor" : "#24292e",
                              "image" : "",
                              "lineColor" : "",
                              "lineStyle" : "solid",
                              "lineThickness" : 1,
                              "secondaryBackgroundColor" : "#e8ebee",
                              "textSize" : "large"
                            },
                            "Area" : "UI",
                            "CancelConfirmationButton" : "button2",
                            "ConfirmationButton1Label" : "Yes",
                            "ConfirmationButton2Label" : "No",
                            "ConfirmationPrompt" : "Do Action?",
                            "ConfirmationRequired" : false,
                            "ConfirmationTitle" : "Confirm Action",
                            "ContextId" : "",
                            "CustomClass" : "red-btn",
                            "DefaultConfirmationButton" : "button1",
                            "Description" : "",
                            "Disabled" : false,
                            "DisabledStyle" : {
                              "backgroundColor" : "#cccccc",
                              "displayString" : "",
                              "fontEmphasisBold" : true,
                              "fontEmphasisItalic" : false,
                              "fontEmphasisUnderline" : false,
                              "foregroundColor" : "#959595",
                              "image" : "",
                              "lineColor" : "",
                              "lineStyle" : "solid",
                              "lineThickness" : 1,
                              "secondaryBackgroundColor" : "",
                              "textSize" : "large"
                            },
                            "DisplayName" : "btn_Delete",
                            "FocusStyle" : {
                              "backgroundColor" : "",
                              "displayString" : "",
                              "fontEmphasisBold" : false,
                              "fontEmphasisItalic" : false,
                              "fontEmphasisUnderline" : false,
                              "foregroundColor" : "",
                              "image" : "",
                              "lineColor" : "",
                              "lineStyle" : "solid",
                              "lineThickness" : 1,
                              "secondaryBackgroundColor" : "",
                              "textSize" : "normal"
                            },
                            "Height" : 38,
                            "HoverStyle" : {
                              "backgroundColor" : "#edf1f5",
                              "displayString" : "",
                              "fontEmphasisBold" : true,
                              "fontEmphasisItalic" : false,
                              "fontEmphasisUnderline" : false,
                              "foregroundColor" : "#24292e",
                              "image" : "",
                              "lineColor" : "",
                              "lineStyle" : "solid",
                              "lineThickness" : 1,
                              "secondaryBackgroundColor" : "#e6ebf1",
                              "textSize" : "large"
                            },
                            "IconAlignment" : "left",
                            "Id" : "button-12",
                            "Label" : "Delete",
                            "Left" : 5,
                            "ResponsiveLayout" : false,
                            "RoundedCorners" : false,
                            "ShowDataLoading" : true,
                            "Style" : {
                              "backgroundColor" : "#6ebe4c",
                              "displayString" : "",
                              "fontEmphasisBold" : true,
                              "fontEmphasisItalic" : false,
                              "fontEmphasisUnderline" : false,
                              "foregroundColor" : "#ffffff",
                              "image" : "",
                              "lineColor" : "",
                              "lineStyle" : "solid",
                              "lineThickness" : 1,
                              "secondaryBackgroundColor" : "",
                              "textSize" : "large"
                            },
                            "TabSequence" : 1,
                            "ToolTipField" : "",
                            "ToolTipStyle" : "DefaultTooltipStyle",
                            "Top" : 5,
                            "Type" : "button",
                            "Visible" : true,
                            "Width" : 80,
                            "Z-index" : 5,
                            "__TypeDisplayName" : "Button",
                            "__supportsTooltip" : true
                          },
                          "Widgets" : [ ]
                        } ]
                      }, {
                        "Properties" : {
                          "Area" : "UI",
                          "AutoEvaluate" : true,
                          "DataChangeType" : "VALUE",
                          "DisplayName" : "expression-9",
                          "Expression" : "\"<div style='font-size: 20px; padding: 20px'>Are you sure you want to delete <strong>\" + GitThingName +\" </strong>?</div>\"",
                          "FireOnFirstValue" : false,
                          "Height" : 28,
                          "Id" : "expression-9",
                          "Left" : 10,
                          "OutputBaseType" : "STRING",
                          "ResponsiveLayout" : false,
                          "ShowDataLoading" : true,
                          "Top" : 10,
                          "Type" : "expression",
                          "Visible" : true,
                          "Width" : 200,
                          "Z-index" : 10,
                          "__TypeDisplayName" : "Expression",
                          "_currentParameterDefs" : [ {
                            "BaseType" : "STRING",
                            "Description" : "",
                            "ParameterName" : "GitThingName"
                          } ]
                        },
                        "Widgets" : [ ]
                      }, {
                        "Properties" : {
                          "Area" : "UI",
                          "AutoEvaluate" : false,
                          "DataChangeType" : "NEVER",
                          "DisplayName" : "expression-17",
                          "Expression" : "GitController.dispatchEvent('refreshTabs'); widget.jqElement.triggerHandler('Changed');",
                          "FireOnFirstValue" : false,
                          "Height" : 28,
                          "Id" : "expression-17",
                          "Left" : 830,
                          "OutputBaseType" : "STRING",
                          "ResponsiveLayout" : false,
                          "ShowDataLoading" : true,
                          "Top" : 10,
                          "Type" : "expression",
                          "Visible" : true,
                          "Width" : 200,
                          "Z-index" : 10,
                          "__TypeDisplayName" : "Expression",
                          "_currentParameterDefs" : [ {
                            "BaseType" : "STRING",
                            "Description" : "",
                            "ParameterName" : "GitThingName"
                          } ]
                        },
                        "Widgets" : [ ]
                      }, {
                        "Properties" : {
                          "Area" : "UI",
                          "DisplayName" : "statusmessage-18",
                          "Height" : 28,
                          "Id" : "statusmessage-18",
                          "Left" : 270,
                          "MessageType" : "info",
                          "ResponsiveLayout" : false,
                          "ShowDataLoading" : true,
                          "Top" : 5,
                          "Type" : "statusmessage",
                          "Visible" : true,
                          "Width" : 200,
                          "Z-index" : 10,
                          "__TypeDisplayName" : "Status Message"
                        },
                        "Widgets" : [ ]
                      }, {
                        "Properties" : {
                          "Area" : "UI",
                          "AutoEvaluate" : true,
                          "DataChangeType" : "ALWAYS",
                          "DisplayName" : "expression-19",
                          "Expression" : "\"Thing \"+ GitThingName +\" has been deleted successfully\"",
                          "FireOnFirstValue" : false,
                          "Height" : 28,
                          "Id" : "expression-19",
                          "Left" : 270,
                          "OutputBaseType" : "STRING",
                          "ResponsiveLayout" : false,
                          "ShowDataLoading" : true,
                          "Top" : 35,
                          "Type" : "expression",
                          "Visible" : true,
                          "Width" : 200,
                          "Z-index" : 10,
                          "__TypeDisplayName" : "Expression",
                          "_currentParameterDefs" : [ {
                            "BaseType" : "STRING",
                            "Description" : "",
                            "ParameterName" : "GitThingName"
                          } ]
                        },
                        "Widgets" : [ ]
                      } ]
                    } ]
                  } ]
                } ]
              },
              "mashupType" : "mashup"
            }
            ]]>
            </mashupContent>
            <preview></preview>
        </Mashup>
    </Mashups>
</Entities>
