<?xml version="1.0" encoding="UTF-8"?>
<Entities
 majorVersion="9"
 minorVersion="3"
 universal="password">
    <Mashups>
        <Mashup
         aspect.isEditableExtensionObject="true"
         aspect.isExtension="true"
         aspect.isFlex="true"
         aspect.isResponsive="true"
         aspect.mashupType="mashup"
         columns="0.0"
         description="Displays the various extensions versions that compose the GitBackup Extension."
         documentationContent=""
         homeMashup=""
         name="GitBackup.Version.Mashup"
         projectName="GitBackup"
         rows="0.0"
         tags="">
            <avatar></avatar>
            <DesignTimePermissions>
                <Create></Create>
                <Read></Read>
                <Update></Update>
                <Delete></Delete>
                <Metadata></Metadata>
            </DesignTimePermissions>
            <RunTimePermissions></RunTimePermissions>
            <VisibilityPermissions>
                <Visibility></Visibility>
            </VisibilityPermissions>
            <ConfigurationTableDefinitions></ConfigurationTableDefinitions>
            <ConfigurationTables>
                <ConfigurationTable
                 dataShapeName=""
                 description="Mashup Mobile Settings"
                 isHidden="true"
                 isMultiRow="false"
                 name="MobileSettings"
                 ordinal="0">
                    <DataShape>
                        <FieldDefinitions>
                            <FieldDefinition
                             aspect.defaultValue="false"
                             aspect.friendlyName="Disable Zoom"
                             baseType="BOOLEAN"
                             description="Disables zooming in and out within the mashup"
                             name="disableZoom"
                             ordinal="0"></FieldDefinition>
                            <FieldDefinition
                             aspect.defaultValue="true"
                             aspect.friendlyName="Full Screen Mode"
                             baseType="BOOLEAN"
                             description="Open the mashup in full screen mode"
                             name="fullScreenMode"
                             ordinal="0"></FieldDefinition>
                            <FieldDefinition
                             aspect.friendlyName="Height"
                             baseType="STRING"
                             description="The height of the mashup page"
                             name="height"
                             ordinal="0"></FieldDefinition>
                            <FieldDefinition
                             aspect.defaultValue="device-height"
                             aspect.friendlyName="Height Type"
                             baseType="STRING"
                             description="Use the height of the device display, or a custom height (in px)"
                             name="heightType"
                             ordinal="0"></FieldDefinition>
                            <FieldDefinition
                             aspect.defaultValue="1.0"
                             aspect.friendlyName="Initial Scale"
                             baseType="NUMBER"
                             description="The initial zoom scale when the mashup is loaded for the first time"
                             name="initialScale"
                             ordinal="0"></FieldDefinition>
                            <FieldDefinition
                             aspect.friendlyName="Shortcut Icon Title"
                             baseType="STRING"
                             description="A title for the mashup shortcut on the iOS home screen"
                             name="iosShortcutIconTitle"
                             ordinal="0"></FieldDefinition>
                            <FieldDefinition
                             aspect.defaultValue="black-translucent"
                             aspect.friendlyName="Status Bar Appearance"
                             baseType="STRING"
                             description="The style of the iOS status bar"
                             name="iosStatusBarAppearance"
                             ordinal="0"></FieldDefinition>
                            <FieldDefinition
                             aspect.defaultValue="10.0"
                             aspect.friendlyName="Maximum Scale"
                             baseType="NUMBER"
                             description="The maximum scale that users can zoom out to"
                             name="maximumScale"
                             ordinal="0"></FieldDefinition>
                            <FieldDefinition
                             aspect.defaultValue="0.1"
                             aspect.friendlyName="Minimum Scale"
                             baseType="NUMBER"
                             description="The minimum scale that users can zoom out to"
                             name="minimumScale"
                             ordinal="0"></FieldDefinition>
                            <FieldDefinition
                             aspect.friendlyName="Width"
                             baseType="STRING"
                             description="The width of the mashup page"
                             name="width"
                             ordinal="0"></FieldDefinition>
                            <FieldDefinition
                             aspect.defaultValue="device-width"
                             aspect.friendlyName="Width Type"
                             baseType="STRING"
                             description="Use the width of the device display, or a custom width (in px)"
                             name="widthType"
                             ordinal="0"></FieldDefinition>
                        </FieldDefinitions>
                    </DataShape>
                    <Rows>
                        <Row>
                            <disableZoom>false</disableZoom>
                            <fullScreenMode>true</fullScreenMode>
                            <height></height>
                            <heightType>
                            <![CDATA[
                            device-height
                            ]]>
                            </heightType>
                            <initialScale>1.0</initialScale>
                            <iosShortcutIconTitle></iosShortcutIconTitle>
                            <iosStatusBarAppearance>
                            <![CDATA[
                            black-translucent
                            ]]>
                            </iosStatusBarAppearance>
                            <maximumScale>10.0</maximumScale>
                            <minimumScale>0.1</minimumScale>
                            <width></width>
                            <widthType>
                            <![CDATA[
                            device-width
                            ]]>
                            </widthType>
                        </Row>
                    </Rows>
                </ConfigurationTable>
            </ConfigurationTables>
            <ParameterDefinitions></ParameterDefinitions>
            <Things></Things>
            <ThingShapes></ThingShapes>
            <ThingTemplates></ThingTemplates>
            <mashupContent>
            <![CDATA[
            {
              "ConfigurationTables" : { },
              "CustomMashupCss" : "",
              "Data" : {
                "Session" : {
                  "DataName" : "Session",
                  "EntityName" : "",
                  "EntityType" : "Session",
                  "Id" : "session",
                  "Services" : [ {
                    "APIMethod" : "post",
                    "Characteristic" : "Services",
                    "Id" : "SessionInterface",
                    "Name" : "GetGlobalSessionValues",
                    "Parameters" : { },
                    "RefreshInterval" : 0,
                    "Target" : "GetGlobalSessionValues"
                  } ]
                },
                "Things_GIT.Utility.Thing" : {
                  "DataName" : "Things_GIT.Utility.Thing",
                  "EntityName" : "GIT.Utility.Thing",
                  "EntityType" : "Things",
                  "Id" : "a62b905c-f67f-496f-90c7-0e8ba3ff8cf0",
                  "Services" : [ {
                    "APIMethod" : "post",
                    "Characteristic" : "Services",
                    "Id" : "24a93064-2548-487d-89c9-d49c8c1650d1",
                    "Name" : "GetGitExtensionVersion",
                    "Parameters" : { },
                    "RefreshInterval" : 0,
                    "Target" : "GetGitExtensionVersion"
                  } ]
                },
                "UserExtensions" : {
                  "DataName" : "UserExtensions",
                  "EntityName" : "",
                  "EntityType" : "UserExtensions",
                  "Id" : "UserExtensions",
                  "Services" : [ {
                    "APIMethod" : "post",
                    "Characteristic" : "Services",
                    "Id" : "UserExtensionInterface",
                    "Name" : "GetCurrentUserExtensionProperties",
                    "Parameters" : { },
                    "RefreshInterval" : 0,
                    "Target" : "GetCurrentUserExtensionProperties"
                  } ]
                }
              },
              "DataBindings" : [ {
                "Id" : "3f593c87-c173-4886-86f9-037ed1301439",
                "PropertyMaps" : [ {
                  "SourceProperty" : "",
                  "SourcePropertyBaseType" : "INFOTABLE",
                  "SourcePropertyType" : "InfoTable",
                  "TargetProperty" : "Data",
                  "TargetPropertyBaseType" : "INFOTABLE",
                  "TargetPropertyType" : "property"
                } ],
                "SourceArea" : "Data",
                "SourceDetails" : "AllData",
                "SourceId" : "GetGitExtensionVersion",
                "SourceSection" : "Things_GIT.Utility.Thing",
                "TargetArea" : "UI",
                "TargetId" : "collection-7",
                "TargetSection" : ""
              } ],
              "DesignTimePermissions" : {
                "Create" : [ ],
                "Delete" : [ ],
                "Metadata" : [ ],
                "Read" : [ ],
                "Update" : [ ]
              },
              "Events" : [ {
                "EventHandlerArea" : "Data",
                "EventHandlerId" : "Things_GIT.Utility.Thing",
                "EventHandlerService" : "GetGitExtensionVersion",
                "EventTriggerArea" : "Mashup",
                "EventTriggerEvent" : "Loaded",
                "EventTriggerId" : "mashup-root",
                "EventTriggerSection" : "",
                "Id" : "4efaea2f-ba31-4f94-a698-e29626815d09"
              } ],
              "Reminders" : [ ],
              "RunTimePermissions" : {
                "permissions" : [ ]
              },
              "UI" : {
                "Properties" : {
                  "AddToDashboardButton" : "SimplePlus",
                  "AddToDashboardButtonStyle" : "DefaultAddToDashboardButtonStyle",
                  "Area" : "Mashup",
                  "BGImage" : "",
                  "BGImageRepeat" : "no-repeat",
                  "BGImageSize" : "auto",
                  "Columns" : 0,
                  "ConfigureGadgetButton" : "SimpleGear",
                  "ConfigureGadgetButtonStyle" : "DefaultConfigureGadgetButtonStyle",
                  "DisplayName" : "Mashup",
                  "EnableParameterEditing" : false,
                  "Height" : 618,
                  "Id" : "mashup-root",
                  "IgnoreWarningsInViewMashup" : false,
                  "IsPrintLayout" : false,
                  "Left" : 0,
                  "Margin" : "5",
                  "MashupToEditGadget" : "DefaultMashupToEditGadget",
                  "MigratedOn" : "2023-05-09T09:53:46.000Z",
                  "MinHeight" : 0,
                  "MinWidth" : 0,
                  "ResponsiveLayout" : true,
                  "Rows" : 0,
                  "ShowDataLoading" : true,
                  "Style" : "DefaultMashupStyle",
                  "StyleProperties" : {
                    "data" : {
                      "flexcontainer-1" : {
                        "parts" : {
                          "$" : {
                            "$" : {
                              "background" : "transparent"
                            }
                          }
                        },
                        "widget" : "flexcontainer"
                      },
                      "ptcslabel-5" : {
                        "parts" : {
                          "$" : {
                            "$" : {
                              "background" : "transparent",
                              "color" : "#333333",
                              "font-size" : "28px",
                              "font-style" : "normal",
                              "font-weight" : 400,
                              "text-decoration" : "none"
                            }
                          }
                        },
                        "widget" : "ptcs-label"
                      },
                      "ptcslink-518" : {
                        "parts" : {
                          "$" : {
                            "$" : {
                              "background" : "transparent",
                              "border-color" : "transparent",
                              "border-style" : "none",
                              "border-width" : "1px"
                            },
                            "hover" : {
                              "background" : "transparent"
                            }
                          },
                          "link" : {
                            "$" : {
                              "color" : "#1a9fff",
                              "font-size" : "14px",
                              "font-style" : "normal",
                              "font-weight" : 400
                            },
                            "disabled" : {
                              "font-size" : "14px"
                            },
                            "hover" : {
                              "color" : "#1a9fff",
                              "font-size" : "14px",
                              "font-style" : "normal",
                              "font-weight" : 400
                            },
                            "pressed" : {
                              "color" : "#1a9fff",
                              "font-size" : "14px",
                              "font-style" : "normal",
                              "font-weight" : 400
                            }
                          }
                        },
                        "widget" : "ptcs-link"
                      }
                    },
                    "meta" : {
                      "type" : "WidgetStyler",
                      "version" : "1.0"
                    }
                  },
                  "StyleTheme" : "GitBackup.StyleTheme",
                  "Title" : "",
                  "TitleBar" : false,
                  "TitleBarStyle" : "DefaultTitleBarStyle",
                  "TitleBarText" : "Gadget Title Here",
                  "Top" : 0,
                  "Type" : "mashup",
                  "UseMasterTheme" : false,
                  "UseTheme" : false,
                  "Visible" : true,
                  "Width" : 1024,
                  "Z-index" : 10,
                  "__TypeDisplayName" : "Mashup",
                  "_currentParameterDefs" : [ ],
                  "id_index" : 7,
                  "supportsAutoResize" : true
                },
                "Widgets" : [ {
                  "Properties" : {
                    "Area" : "UI",
                    "CollapseTabIcon" : "",
                    "DisplayName" : "container-1",
                    "EnableContainerUnload" : false,
                    "EnableExpandCollapse" : false,
                    "ExpandCollapseTabLocation" : "inside",
                    "ExpandTabIcon" : "",
                    "Expanded" : true,
                    "Id" : "flexcontainer-1",
                    "LastContainer" : true,
                    "LazyLoading" : false,
                    "Margin" : "",
                    "Overlay" : false,
                    "ResponsiveLayout" : true,
                    "ShowDataLoading" : true,
                    "ShowExpandCollapseTab" : false,
                    "SourceURL" : "",
                    "Style" : "DefaultContainerStyle",
                    "StyleProperties" : { },
                    "Type" : "flexcontainer",
                    "UseTheme" : true,
                    "Visible" : true,
                    "Z-index" : 10,
                    "__TypeDisplayName" : "Flex Container",
                    "align-content" : "flex-start",
                    "align-items" : "flex-start",
                    "flex-basis" : "auto",
                    "flex-direction" : "column",
                    "flex-grow" : 1,
                    "flex-max-height" : "",
                    "flex-max-width" : "",
                    "flex-min-height" : "",
                    "flex-min-width" : "",
                    "flex-shrink" : "0",
                    "flex-size" : "default",
                    "flex-wrap" : "nowrap",
                    "iconClass" : "widgets-flexcontainer",
                    "justify-content" : "flex-start",
                    "positioning" : "responsive",
                    "userCannotRemove" : true
                  },
                  "Widgets" : [ {
                    "Properties" : {
                      "Area" : "UI",
                      "CollapseTabIcon" : "",
                      "DisplayName" : "container-2",
                      "EnableContainerUnload" : false,
                      "EnableExpandCollapse" : true,
                      "ExpandCollapseTabLocation" : "outside",
                      "ExpandTabIcon" : "",
                      "Expanded" : true,
                      "Id" : "flexcontainer-2",
                      "LastContainer" : false,
                      "LazyLoading" : false,
                      "Margin" : "false false 0 false",
                      "Overlay" : false,
                      "ResponsiveLayout" : true,
                      "ShowDataLoading" : true,
                      "ShowExpandCollapseTab" : false,
                      "SourceURL" : "",
                      "Style" : "DefaultContainerStyle",
                      "StyleProperties" : { },
                      "Type" : "flexcontainer",
                      "UseTheme" : true,
                      "Visible" : true,
                      "Z-index" : 10,
                      "__TypeDisplayName" : "Flex Container",
                      "align-content" : "flex-start",
                      "align-items" : "flex-start",
                      "flex-basis" : "auto",
                      "flex-direction" : "column",
                      "flex-grow" : 1,
                      "flex-max-height" : "50px",
                      "flex-max-width" : "",
                      "flex-min-height" : "50px",
                      "flex-min-width" : "",
                      "flex-shrink" : "0",
                      "flex-size" : "fixed",
                      "flex-wrap" : "nowrap",
                      "iconClass" : "widgets-flexcontainer-fixed",
                      "isLocked" : false,
                      "justify-content" : "flex-start",
                      "positioning" : "static",
                      "userCannotRemove" : false
                    },
                    "Widgets" : [ {
                      "Properties" : {
                        "Area" : "UI",
                        "CustomClass" : "",
                        "DisclosureControl" : "show-more",
                        "DisplayName" : "lb_Extensions",
                        "HorizontalAlignment" : "left",
                        "Id" : "ptcslabel-5",
                        "LabelText" : "Extensions version",
                        "LabelType" : "label",
                        "LastContainer" : false,
                        "Left" : 269,
                        "Margin" : "5",
                        "MultiLine" : true,
                        "PreserveWhiteSpace" : false,
                        "ResponsiveLayout" : false,
                        "ShowDataLoading" : true,
                        "TooltipField" : "",
                        "Top" : 10,
                        "Type" : "ptcslabel",
                        "UseTheme" : true,
                        "VerticalAlignment" : "flex-start",
                        "Visible" : true,
                        "Width" : 285,
                        "Z-index" : 10,
                        "__TypeDisplayName" : "Label",
                        "overflowShowLessTxt" : "[[showLess]]",
                        "overflowShowMoreTxt" : "[[showMore]]"
                      },
                      "Widgets" : [ ]
                    }, {
                      "Properties" : {
                        "Alignment" : "left",
                        "Area" : "UI",
                        "CustomClass" : "",
                        "Disabled" : false,
                        "DisplayName" : "lnk_LastRelease",
                        "Height" : 22,
                        "Id" : "ptcslink-518",
                        "LastContainer" : false,
                        "Left" : 20,
                        "LinkType" : "primary",
                        "LinkURL" : "https://github.com/PTCInc/thingworx-gitbackup-extension/releases",
                        "Margin" : "5",
                        "ResponsiveLayout" : false,
                        "ShowDataLoading" : true,
                        "SingleLine" : false,
                        "TabSequence" : 0,
                        "TargetWindow" : "_blank",
                        "Text" : "Get the latest version",
                        "TooltipField" : "",
                        "Top" : 16,
                        "Type" : "ptcslink",
                        "UseTheme" : true,
                        "VerticalAlignment" : "center",
                        "Visible" : true,
                        "Width" : 197,
                        "Z-index" : 10,
                        "__TypeDisplayName" : "Link"
                      },
                      "Widgets" : [ ]
                    } ]
                  }, {
                    "Properties" : {
                      "Area" : "UI",
                      "CollapseTabIcon" : "",
                      "DisplayName" : "container-3",
                      "EnableContainerUnload" : false,
                      "EnableExpandCollapse" : false,
                      "ExpandCollapseTabLocation" : "inside",
                      "ExpandTabIcon" : "",
                      "Expanded" : true,
                      "HorizontalScrolling" : "no-scroll",
                      "Id" : "flexcontainer-3",
                      "LastContainer" : false,
                      "LazyLoading" : false,
                      "Margin" : "0 0 0 0",
                      "Overlay" : false,
                      "ResponsiveLayout" : true,
                      "Scrolling" : "auto-scroll",
                      "ShowDataLoading" : true,
                      "ShowExpandCollapseTab" : false,
                      "SourceURL" : "",
                      "Style" : "DefaultContainerStyle",
                      "StyleProperties" : { },
                      "Type" : "flexcontainer",
                      "UseTheme" : true,
                      "Visible" : true,
                      "Z-index" : 10,
                      "__TypeDisplayName" : "Flex Container",
                      "align-content" : "flex-start",
                      "align-items" : "flex-start",
                      "flex-basis" : "auto",
                      "flex-direction" : "column",
                      "flex-grow" : 1,
                      "flex-max-height" : "",
                      "flex-max-width" : "",
                      "flex-min-height" : "",
                      "flex-min-width" : "",
                      "flex-shrink" : 1,
                      "flex-size" : "fixed",
                      "flex-wrap" : "nowrap",
                      "iconClass" : "widgets-flexcontainer",
                      "isLocked" : true,
                      "justify-content" : "flex-start",
                      "positioning" : "responsive",
                      "userCannotRemove" : false
                    },
                    "Widgets" : [ {
                      "Properties" : {
                        "AllowSelection" : true,
                        "AlwaysUseCustomScrollerOniOS" : true,
                        "Area" : "UI",
                        "AutoSelectFirstRow" : true,
                        "BottomPadding" : 22,
                        "CellActiveStyle" : "DefaultCollectionCellActiveStyle",
                        "CellAlternateStyle" : "DefaultCollectionCellAlternateStyle",
                        "CellBorderRadius" : "4px",
                        "CellBoxShadow" : "0 2px 6px rgba(0,0,0,0.2)",
                        "CellHoverStyle" : "DefaultCollectionCellHoverStyle",
                        "CellMashupSelectedField" : "",
                        "CellMenuStates" : "DefaultMenuStates",
                        "CellMenuStatesIconGravity" : "Left",
                        "CellMenuStatesIconSize" : 16,
                        "CellMenuStatesOrientation" : "Horizontal",
                        "CellMenuStatesUseBuiltin" : false,
                        "CellMultipleSelectionType" : "Disabled",
                        "CellPointer" : "Auto",
                        "CellSelectedStyle" : "DefaultCollectionCellSelectedStyle",
                        "CellStyle" : "DefaultCollectionCellStyle",
                        "DisableWrapping" : false,
                        "DisplayName" : "coll_Versions",
                        "FlowLayoutAlignment" : "Center",
                        "FlowLayoutContentGravity" : "Center",
                        "FlowLayoutGravity" : "Spaced",
                        "FooterHeight" : 44,
                        "FooterSectionParam" : "",
                        "HandleSelectionUpdates" : true,
                        "HasSelectedCells" : false,
                        "HeaderHeight" : 44,
                        "HeaderSectionParam" : "",
                        "Height" : 300,
                        "Id" : "collection-7",
                        "ItemLoadBehavior" : "loadUnload",
                        "LastContainer" : false,
                        "Left" : 115,
                        "LeftAlignFinalRow" : false,
                        "Margin" : "5",
                        "Mashup" : "GitBackup.ExtensionStatus.Mashup",
                        "MashupGlobalPropertyBinding" : "{}",
                        "MashupHeight" : 110,
                        "MashupPropertyBinding" : "{\"ExtensionName\":\"ExtensionName\",\"IsInstalled\":\"IsInstalled\",\"ExtensionVersion\":\"Version\"}",
                        "MashupWidth" : 370,
                        "MasonryLayoutBottomPadding" : 22,
                        "MasonryLayoutCellSpacing" : 22,
                        "MasonryLayoutColumnSpacing" : 22,
                        "MasonryLayoutColumnSpeeds" : "1, 2, 0.5, 1, 2, 0.5",
                        "MasonryLayoutColumnWidth" : 0,
                        "MasonryLayoutNumberOfColumns" : 5,
                        "MasonryLayoutTopPadding" : 22,
                        "MinimumSpacing" : 0,
                        "MultiSelect" : false,
                        "OffScreenBufferFactor" : 0.1,
                        "PinFootersToBottom" : false,
                        "PinHeadersToTop" : false,
                        "PlaysIntroAnimation" : true,
                        "ResponsiveLayout" : true,
                        "RippleEffectStyle" : "DefaultCollectionRippleStyle",
                        "RowSpacing" : 44,
                        "ScrollbarType" : "hover",
                        "ScrollsToSelectedCell" : false,
                        "SectionInsetBottom" : 0,
                        "SectionInsetLeft" : 0,
                        "SectionInsetRight" : 0,
                        "SectionInsetTop" : 0,
                        "SelectedCellsCount" : 0,
                        "ShowDataLoading" : true,
                        "ShowFooters" : false,
                        "ShowHeaders" : false,
                        "SortAscending" : false,
                        "SortField" : "ExtensionName",
                        "Top" : 115,
                        "TopPadding" : 22,
                        "Type" : "collection",
                        "UIDField" : "ExtensionName",
                        "UseCustomScrollerOnWindowsDesktops" : true,
                        "UseMashupDimensions" : false,
                        "UseRippleEffect" : false,
                        "View" : "flow",
                        "Visible" : true,
                        "Width" : 400,
                        "Z-index" : 10,
                        "_CanDoubleClick" : false,
                        "_EventDataShape" : "{\"ExtensionName\":{\"name\":\"ExtensionName\",\"aspects\":{\"isPrimaryKey\":false},\"description\":\"\",\"baseType\":\"STRING\",\"ordinal\":1},\"ExtensionVersion\":{\"name\":\"ExtensionVersion\",\"aspects\":{\"isPrimaryKey\":false},\"description\":\"\",\"baseType\":\"STRING\",\"ordinal\":2},\"IsInstalled\":{\"name\":\"IsInstalled\",\"aspects\":{\"isPrimaryKey\":false},\"description\":\"\",\"baseType\":\"BOOLEAN\",\"ordinal\":3}}",
                        "_GlobalDataShape" : "{}",
                        "_MenuDefinition" : "[]",
                        "__TypeDisplayName" : "Collection"
                      },
                      "Widgets" : [ ]
                    } ]
                  } ]
                } ]
              },
              "mashupType" : "mashup"
            }
            ]]>
            </mashupContent>
            <preview></preview>
        </Mashup>
    </Mashups>
</Entities>
